-- MySQL dump 10.13  Distrib 8.0.43, for Win64 (x86_64)
--
-- Host: mysql-ait-lab-session-mysql-ait.h.aivencloud.com    Database: ourspacev2
-- ------------------------------------------------------
-- Server version	8.0.35
/*!40101 SET @OLD_CHARACTER_SET_CLIENT=@@CHARACTER_SET_CLIENT */;
/*!40101 SET @OLD_CHARACTER_SET_RESULTS=@@CHARACTER_SET_RESULTS */;
/*!40101 SET @OLD_COLLATION_CONNECTION=@@COLLATION_CONNECTION */;
/*!50503 SET NAMES utf8 */;
/*!40103 SET @OLD_TIME_ZONE=@@TIME_ZONE */;
/*!40103 SET TIME_ZONE='+00:00' */;
/*!40014 SET @OLD_UNIQUE_CHECKS=@@UNIQUE_CHECKS, UNIQUE_CHECKS=0 */;
/*!40014 SET @OLD_FOREIGN_KEY_CHECKS=@@FOREIGN_KEY_CHECKS, FOREIGN_KEY_CHECKS=0 */;
/*!40101 SET @OLD_SQL_MODE=@@SQL_MODE, SQL_MODE='NO_AUTO_VALUE_ON_ZERO' */;
/*!40111 SET @OLD_SQL_NOTES=@@SQL_NOTES, SQL_NOTES=0 */;
SET @MYSQLDUMP_TEMP_LOG_BIN = @@SESSION.SQL_LOG_BIN;
SET @@SESSION.SQL_LOG_BIN= 0;

DROP DATABASE IF EXISTS Bruh;
CREATE DATABASE Bruh;
USE Bruh;

--
-- GTID state at the beginning of the backup 
--
-- SET @@GLOBAL.GTID_PURGED=/*!80000 '+'*/ 'dcba834f-7903-11f0-a109-b2914c9a0078:1-1823';

--
-- Table structure for table `FacilityType`
--

DROP TABLE IF EXISTS `FacilityType`;
/*!40101 SET @saved_cs_client     = @@character_set_client */;
/*!50503 SET character_set_client = utf8mb4 */;
CREATE TABLE `FacilityType` (
  `id` int NOT NULL AUTO_INCREMENT,
  `name` varchar(255) NOT NULL,
  PRIMARY KEY (`id`)
) ENGINE=InnoDB AUTO_INCREMENT=7 DEFAULT CHARSET=utf8mb4 COLLATE=utf8mb4_0900_ai_ci;
/*!40101 SET character_set_client = @saved_cs_client */;

--
-- Dumping data for table `FacilityType`
--

LOCK TABLES `FacilityType` WRITE;
/*!40000 ALTER TABLE `FacilityType` DISABLE KEYS */;
INSERT INTO `FacilityType` VALUES (1,'wifi'),(2,'tv'),(3,'projector'),(4,'table'),(5,'whiteboard'),(6,'AC');
/*!40000 ALTER TABLE `FacilityType` ENABLE KEYS */;
UNLOCK TABLES;

--
-- Table structure for table `RentalRateType`
--

DROP TABLE IF EXISTS `RentalRateType`;
/*!40101 SET @saved_cs_client     = @@character_set_client */;
/*!50503 SET character_set_client = utf8mb4 */;
CREATE TABLE `RentalRateType` (
  `code` varchar(10) NOT NULL,
  `description` varchar(255) NOT NULL,
  `minutes` int NOT NULL,
  PRIMARY KEY (`code`)
) ENGINE=InnoDB DEFAULT CHARSET=utf8mb4 COLLATE=utf8mb4_0900_ai_ci;
/*!40101 SET character_set_client = @saved_cs_client */;

--
-- Dumping data for table `RentalRateType`
--

LOCK TABLES `RentalRateType` WRITE;
/*!40000 ALTER TABLE `RentalRateType` DISABLE KEYS */;
INSERT INTO `RentalRateType` VALUES ('FD','Full-Day',1440),('HD','Half-Day',720),('HR','Hourly',60);
/*!40000 ALTER TABLE `RentalRateType` ENABLE KEYS */;
UNLOCK TABLES;

--
-- Table structure for table `Space`
--

DROP TABLE IF EXISTS `Space`;
/*!40101 SET @saved_cs_client     = @@character_set_client */;
/*!50503 SET character_set_client = utf8mb4 */;
CREATE TABLE `Space` (
  `id` int NOT NULL AUTO_INCREMENT,
  `name` varchar(255) NOT NULL,
  `location` varchar(255) NOT NULL,
  `latitude` float NOT NULL,
  `longitude` float NOT NULL,
  `capacity` int NOT NULL,
  `size` float NOT NULL,
  PRIMARY KEY (`id`)
) ENGINE=InnoDB AUTO_INCREMENT=101 DEFAULT CHARSET=utf8mb4 COLLATE=utf8mb4_0900_ai_ci;
/*!40101 SET character_set_client = @saved_cs_client */;

--
-- Dumping data for table `Space`
--

LOCK TABLES `Space` WRITE;
/*!40000 ALTER TABLE `Space` DISABLE KEYS */;
INSERT INTO `Space` VALUES (1,'Skyvu','48 Cambridge Pass',49.3143,15.3947,18,42.22),(2,'Quaxo','3188 Mayer Pass',40.5627,-8.76823,35,71.36),(3,'Voonte','8 Burrows Park',10.6682,125.043,93,16.26),(4,'Meevee','3 Rusk Street',-25.1861,-49.3164,38,45.99),(5,'Minyx','85128 Merchant Court',49.2499,-55.0482,72,53.77),(6,'Nlounge','8561 Hoepker Lane',14.1318,121.267,96,11.25),(7,'Devcast','99934 Southridge Court',39.9251,116.397,51,11.97),(8,'Edgepulse','10 Main Center',22.9283,113.207,82,70.08),(9,'Wordtune','6767 Park Meadow Terrace',-2.71292,102.892,58,63.1),(10,'Meeveo','9441 Hallows Lane',14.74,121.027,77,47.2),(11,'Feedfish','3 Cody Alley',7.98771,-10.848,24,2.21),(12,'Bluezoom','95618 Fair Oaks Point',44.7154,37.762,100,56.75),(13,'Chatterbridge','985 Maryland Lane',56.0664,47.4456,86,41.89),(14,'Yakitri','2 Beilfuss Junction',-6.4334,105.91,1,37.49),(15,'Ainyx','43226 Dayton Junction',23.4082,116.688,85,77.6),(16,'Brightdog','1827 Northland Place',38.2215,-85.6794,91,52.72),(17,'Divavu','23 Spaight Circle',-32.959,-68.8502,85,67.19),(18,'RBB Auditorium','AIT',31.7976,14.0537,39,7.77),(19,'Dynazzy','1 Granby Way',49.2759,16.4369,46,51.01),(20,'Nlounge','19839 Hazelcrest Place',55.2195,75.9816,18,21.03),(21,'Photobug','6 Spaight Hill',36.3865,120.439,29,4.59),(22,'Oyoyo','7599 Declaration Trail',56.2133,43.2909,41,28.12),(23,'RBB Auditorium','AIT',-34.6793,-58.3763,57,39.5),(24,'Ozu','6086 Arizona Park',-8.47652,115.533,37,47.98),(25,'Youbridge','66064 Colorado Trail',35.5925,118.816,53,68.29),(26,'Photobug','569 Paget Way',-13.8899,-70.6478,92,12.54),(27,'Ooba','74986 Carberry Lane',50.9532,28.6458,50,14.83),(28,'Vimbo','1015 Hintze Road',24.3263,109.429,39,86.8),(29,'Yadel','2 Troy Road',13.7826,121.049,2,79.08),(30,'Jamia','29 Sage Parkway',-11.7245,-75.7739,23,12.4),(31,'Thoughtbeat','837 Sycamore Trail',36.6167,37.45,15,36.4),(32,'CSIM Building','AIT',13.4326,-87.4554,21,15.2),(33,'Twimbo','8 Toban Place',-22.0078,-51.5532,72,31.34),(34,'SU Office','AIT',37.5203,68.1282,18,58.7),(35,'Flipstorm','34 Westend Avenue',18.2868,99.482,31,49.91),(36,'Skajo','734 Farwell Way',39.107,-94.4929,85,10.86),(37,'Fadeo','4455 Dapin Junction',24.4539,54.3773,33,65.95),(38,'AIT Square','AIT',35.2019,24.9964,44,32.68),(39,'Yotz','52954 Northland Point',46.2535,16.6157,57,15.89),(40,'Browsebug','859 Carberry Drive',19.4659,-70.6779,57,1.2),(41,'Browsebug','2782 Laurel Park',51.331,19.3744,28,78.4),(42,'AIT Square','AIT',31.1895,121.422,92,11.55),(43,'Quaxo','0181 Anniversary Crossing',37.8612,140.815,33,48.82),(44,'Vimbo','7335 Gina Park',41.5277,-8.584,97,42.95),(45,'Trudoo','17 Paget Road',55.8642,47.4678,23,57.87),(46,'Geba','70551 Fremont Avenue',-25.263,-57.0844,34,33.71),(47,'Library','AIT',35.0015,99.2628,72,97.98),(48,'Library','AIT',-7.0807,112.391,5,9.43),(49,'AIT Square','AIT',41.8562,20.0844,48,2.19),(50,'CSIM Building','AIT',55.8667,37.5,37,8.71),(51,'Gabspot','74 Jay Junction',-22.6012,-45.1682,9,67.88),(52,'Twitterwire','131 High Crossing Street',10.482,-6.41306,88,80.99),(53,'Flashpoint','99 Harbort Alley',44.9764,17.907,76,19.73),(54,'AIT Square','AIT',36.432,127.381,44,62.36),(55,'Pixope','57 Quincy Place',31.2823,121.505,65,60.74),(56,'RBB Auditorium','AIT',45.5824,19.0552,39,79.69),(57,'Zoomlounge','72034 Sunnyside Point',57.7236,11.736,56,87.51),(58,'Dabvine','7 Pleasure Plaza',-6.47599,106.393,41,86.13),(59,'Trupe','105 6th Park',32.7012,-97.3354,78,50.04),(60,'Dablist','12 Delladonna Crossing',24.8846,104.309,67,42.68),(61,'Zoomlounge','4 Meadow Valley Park',43.1509,-79.2056,48,15.31),(62,'AIT Square','AIT',55.633,37.4417,94,92.17),(63,'RBB Auditorium','AIT',14.927,-89.7161,39,61.7),(64,'Rhynoodle','6 Hooker Avenue',8.90666,8.40746,14,82.58),(65,'AIT Square','AIT',35.3759,139.167,12,98.3),(66,'Photobug','416 Briar Crest Pass',36.676,25.1059,82,88),(67,'Blogtag','75737 Mifflin Crossing',-23.6443,-47.5721,8,31.79),(68,'AIT Square','AIT',-2.97651,33.514,50,61.53),(69,'CSIM Building','AIT',8.97268,125.409,51,81.21),(70,'Flashspan','83919 Derek Court',-7.6696,109.953,2,36.92),(71,'Miboo','80630 Butterfield Plaza',50.4086,36.8954,74,81.48),(72,'Avamba','053 Ramsey Drive',48.3729,-4.21276,6,10.44),(73,'Snaptags','05767 Anzinger Hill',13.8195,121.173,70,6.72),(74,'Eimbee','3391 Northview Lane',47.2116,3.82609,33,71.41),(75,'Feedfire','6 Carioca Place',5.28439,-75.2597,90,25.67),(76,'Voonte','4 Commercial Way',30.9202,103.621,6,7.95),(77,'Library','AIT',29.2764,109.71,17,81.57),(78,'Photolist','4 Sycamore Circle',8.3839,123.286,92,54.51),(79,'Jayo','124 Village Terrace',35.8875,14.5169,43,53.89),(80,'Voolia','88538 Schmedeman Park',43.6743,15.9193,45,6.28),(81,'Chatterpoint','917 1st Junction',15.5639,108.479,30,2.71),(82,'Minyx','91 7th Road',-7.47209,108.632,18,32.67),(83,'Eabox','1 Merchant Park',30.0331,120.868,45,96.06),(84,'Eare','7 Elmside Point',22.9585,113.089,6,8.07),(85,'Zoomzone','6 Cody Place',-13.8556,-73.7583,49,59.76),(86,'Rhyloo','999 Roth Circle',31.7176,119.382,37,32.69),(87,'Fiveclub','92 Hudson Junction',14.2253,-90.6433,38,39.8),(88,'Livefish','4594 Lyons Park',22.3744,31.6028,12,11.14),(89,'Realmix','6 Ludington Place',51.9167,-8.05,81,87.84),(90,'Zooveo','1 Meadow Vale Trail',-8.07706,112.483,21,98.08),(91,'Tagcat','937 Packers Point',46.1503,-67.6034,76,78.03),(92,'Skidoo','32 Mccormick Center',29.6849,106.602,66,94.3),(93,'Eare','4 Northridge Street',29.4113,112.171,7,91.9),(94,'Lazzy','805 Spenser Way',52.0265,21.8108,28,15.05),(95,'CSIM Building','AIT',-9.40599,119.238,2,52.69),(96,'Jayo','83238 Dovetail Park',29.7092,107.606,32,6.04),(97,'Zoomcast','192 Donald Alley',24.4753,101.343,90,47.15),(98,'Trunyx','3 Brown Plaza',-20.2198,-40.2722,9,68.25),(99,'Tagcat','35951 Bartelt Center',-24.5113,-48.8447,22,1.76),(100,'AIT Square','AIT',25.7043,101.875,35,66.98);
/*!40000 ALTER TABLE `Space` ENABLE KEYS */;
UNLOCK TABLES;

--
-- Table structure for table `SpaceBooking`
--

DROP TABLE IF EXISTS `SpaceBooking`;
/*!40101 SET @saved_cs_client     = @@character_set_client */;
/*!50503 SET character_set_client = utf8mb4 */;
CREATE TABLE `SpaceBooking` (
  `id` int NOT NULL AUTO_INCREMENT,
  `space_id` int NOT NULL,
  `booked_period_start` datetime NOT NULL,
  `booker_id` int NOT NULL,
  `created_at` datetime NOT NULL,
  `updated_at` datetime NOT NULL,
  `approved_by_user_id` int DEFAULT NULL,
  `reason` varchar(500) DEFAULT NULL,
  `check_in_time` datetime DEFAULT NULL,
  `check_out_time` datetime DEFAULT NULL,
  `rental_rate` varchar(50) NOT NULL,
  `rental_unit` int DEFAULT NULL,
  `approved_by_user_at_time` datetime DEFAULT NULL,
  PRIMARY KEY (`id`),
  KEY `space_id` (`space_id`),
  KEY `booker_id` (`booker_id`),
  KEY `approved_by_user_id` (`approved_by_user_id`),
  KEY `fk_booking_rate` (`space_id`, `rental_rate`),
  CONSTRAINT `fk_booking_rate` FOREIGN KEY (`space_id`, `rental_rate`) REFERENCES `SpaceRentalFeeRate` (`space_id`, `rate_code`),
  CONSTRAINT `fk_rental_rate` FOREIGN KEY (`rental_rate`) REFERENCES `RentalRateType` (`code`),
  CONSTRAINT `SpaceBooking_ibfk_1` FOREIGN KEY (`space_id`) REFERENCES `Space` (`id`) ON DELETE CASCADE,
  CONSTRAINT `SpaceBooking_ibfk_2` FOREIGN KEY (`booker_id`) REFERENCES `User` (`id`),
  CONSTRAINT `SpaceBooking_ibfk_3` FOREIGN KEY (`approved_by_user_id`) REFERENCES `User` (`id`)
) ENGINE=InnoDB AUTO_INCREMENT=101 DEFAULT CHARSET=utf8mb4 COLLATE=utf8mb4_0900_ai_ci;
/*!40101 SET character_set_client = @saved_cs_client */;

--
-- Dumping data for table `SpaceBooking`
--

LOCK TABLES `SpaceBooking` WRITE;
/*!40000 ALTER TABLE `SpaceBooking` DISABLE KEYS */;
INSERT INTO `SpaceBooking` VALUES (1,33,'2025-08-21 12:26:31',45,'2023-10-09 05:10:58','2025-07-22 00:49:22',73,'In congue. Etiam justo. Etiam pretium iaculis justo. In hac habitasse platea dictumst. Etiam faucibus cursus urna. Ut tellus. Nulla ut erat id mauris vulputate elementum.','2024-03-31 20:23:37','2025-06-24 15:17:00','HD',12,'2024-06-01 14:19:11'),(2,84,'2024-10-03 07:42:31',59,'2024-09-01 15:27:49','2025-06-09 09:55:49',39,'Morbi vel lectus in quam fringilla rhoncus. Mauris enim leo, rhoncus sed, vestibulum sit amet, cursus id, turpis. Integer aliquet, massa id lobortis convallis, tortor risus dapibus augue, vel accumsan tellus nisi eu orci. Mauris lacinia sapien quis libero. Nullam sit amet turpis elementum ligula vehicula consequat. Morbi a ipsum. Integer a nibh.','2024-04-21 21:52:04','2024-10-18 06:33:52','FD',24,'2024-08-02 00:17:28'),(3,1,'2023-11-17 02:27:25',27,'2024-09-06 11:00:14','2024-03-25 02:01:02',20,'Nunc nisl. Duis bibendum, felis sed interdum venenatis, turpis enim blandit mi, in porttitor pede justo eu massa. Donec dapibus. Duis at velit eu est congue elementum. In hac habitasse platea dictumst. Morbi vestibulum, velit id pretium iaculis, diam erat fermentum justo, nec condimentum neque sapien placerat ante.','2025-08-28 02:19:32','2025-07-13 01:43:41','FD',24,'2025-08-08 02:30:38'),(4,84,'2025-08-17 23:33:39',5,'2024-06-13 20:24:32','2023-12-07 10:52:57',71,'Morbi non lectus. Aliquam sit amet diam in magna bibendum imperdiet. Nullam orci pede, venenatis non, sodales sed, tincidunt eu, felis. Fusce posuere felis sed lacus. Morbi sem mauris, laoreet ut, rhoncus aliquet, pulvinar sed, nisl. Nunc rhoncus dui vel sem. Sed sagittis. Nam congue, risus semper porta volutpat, quam pede lobortis ligula, sit amet eleifend pede libero quis orci. Nullam molestie nibh in lectus. Pellentesque at nulla.','2025-03-17 16:38:25','2025-01-12 11:43:26','HD',12,'2025-02-15 21:23:55'),(5,3,'2024-10-02 08:49:20',75,'2025-01-08 10:35:05','2024-07-27 06:22:15',53,'Integer non velit. Donec diam neque, vestibulum eget, vulputate ut, ultrices vel, augue. Vestibulum ante ipsum primis in faucibus orci luctus et ultrices posuere cubilia Curae; Donec pharetra, magna vestibulum aliquet ultrices, erat tortor sollicitudin mi, sit amet lobortis sapien sapien non mi. Integer ac neque. Duis bibendum. Morbi non quam nec dui luctus rutrum. Nulla tellus. In sagittis dui vel nisl.','2025-01-15 14:28:37','2025-03-05 14:46:49','FD',24,'2025-01-16 11:17:19'),(6,13,'2025-05-14 22:46:24',62,'2023-10-22 20:16:49','2025-01-10 03:12:57',39,'Mauris enim leo, rhoncus sed, vestibulum sit amet, cursus id, turpis. Integer aliquet, massa id lobortis convallis, tortor risus dapibus augue, vel accumsan tellus nisi eu orci. Mauris lacinia sapien quis libero.','2023-11-27 15:26:56','2024-08-27 11:06:01','FD',24,'2024-06-05 05:04:55'),(7,56,'2025-08-13 14:05:53',32,'2024-09-07 15:51:39','2024-01-30 15:58:42',31,'Morbi odio odio, elementum eu, interdum eu, tincidunt in, leo. Maecenas pulvinar lobortis est. Phasellus sit amet erat. Nulla tempus. Vivamus in felis eu sapien cursus vestibulum.','2024-08-15 20:38:03','2024-06-14 13:22:23','HR',3,'2024-07-20 06:32:34'),(8,8,'2024-09-17 19:12:58',15,'2023-11-24 15:29:56','2024-11-10 17:05:10',81,'Vestibulum ante ipsum primis in faucibus orci luctus et ultrices posuere cubilia Curae; Nulla dapibus dolor vel est. Donec odio justo, sollicitudin ut, suscipit a, feugiat et, eros. Vestibulum ac est lacinia nisi venenatis tristique. Fusce congue, diam id ornare imperdiet, sapien urna pretium nisl, ut volutpat sapien arcu sed augue.','2023-09-06 12:19:29','2023-12-01 21:50:51','HD',12,'2023-09-10 11:19:59'),(9,38,'2025-05-04 10:51:32',68,'2025-01-11 10:48:55','2024-12-16 00:33:13',63,'Phasellus in felis. Donec semper sapien a libero. Nam dui. Proin leo odio, porttitor id, consequat in, consequat ut, nulla. Sed accumsan felis. Ut at dolor quis odio consequat varius. Integer ac leo.','2023-11-11 17:59:26','2025-05-30 17:58:09','HR',9,'2025-05-01 19:27:05'),(10,25,'2025-05-18 03:21:04',82,'2025-01-07 17:40:40','2023-11-11 10:28:22',33,'Morbi porttitor lorem id ligula. Suspendisse ornare consequat lectus. In est risus, auctor sed, tristique in, tempus sit amet, sem. Fusce consequat. Nulla nisl.','2024-04-03 20:43:16','2024-03-18 17:04:57','FD',24,'2024-03-25 01:27:45'),(11,82,'2024-05-25 08:22:15',3,'2024-05-23 07:02:16','2025-05-04 13:47:05',69,'Donec dapibus.','2024-02-23 05:38:35','2024-05-25 01:31:24','HD',12,'2024-03-11 11:44:07'),(12,34,'2024-01-17 11:42:08',45,'2025-06-08 18:23:55','2024-11-21 06:52:14',62,'Nam dui. Proin leo odio, porttitor id, consequat in, consequat ut, nulla. Sed accumsan felis. Ut at dolor quis odio consequat varius. Integer ac leo. Pellentesque ultrices mattis odio. Donec vitae nisi. Nam ultrices, libero non mattis pulvinar, nulla pede ullamcorper augue, a suscipit nulla elit ac nulla. Sed vel enim sit amet nunc viverra dapibus.','2025-04-04 17:38:02','2025-07-28 01:26:49','HD',12,'2025-04-18 07:28:44'),(13,90,'2023-11-02 18:50:03',2,'2025-03-11 08:28:37','2024-03-25 18:22:17',2,'Morbi odio odio, elementum eu, interdum eu, tincidunt in, leo. Maecenas pulvinar lobortis est. Phasellus sit amet erat. Nulla tempus. Vivamus in felis eu sapien cursus vestibulum. Proin eu mi. Nulla ac enim. In tempor, turpis nec euismod scelerisque, quam turpis adipiscing lorem, vitae mattis nibh ligula nec sem. Duis aliquam convallis nunc.','2024-08-19 09:22:30','2023-11-02 19:26:29','HD',12,'2024-08-10 15:25:42'),(14,27,'2024-07-05 00:58:21',38,'2024-12-08 10:35:36','2025-08-06 06:05:44',28,'Aliquam erat volutpat.','2025-06-10 01:36:08','2024-08-17 13:22:55','HD',12,'2024-10-17 13:31:12'),(15,41,'2024-04-06 23:16:55',8,'2023-10-27 03:08:46','2025-05-30 11:03:50',97,'Maecenas leo odio, condimentum id, luctus nec, molestie sed, justo. Pellentesque viverra pede ac diam. Cras pellentesque volutpat dui.','2024-06-16 14:15:07','2024-05-08 16:51:37','HR',13,'2024-05-13 07:58:37'),(16,79,'2025-08-22 18:10:50',25,'2024-11-19 03:15:06','2025-05-26 10:58:10',6,'Sed sagittis. Nam congue, risus semper porta volutpat, quam pede lobortis ligula, sit amet eleifend pede libero quis orci. Nullam molestie nibh in lectus. Pellentesque at nulla. Suspendisse potenti. Cras in purus eu magna vulputate luctus. Cum sociis natoque penatibus et magnis dis parturient montes, nascetur ridiculus mus. Vivamus vestibulum sagittis sapien. Cum sociis natoque penatibus et magnis dis parturient montes, nascetur ridiculus mus. Etiam vel augue.','2024-03-07 00:43:40','2025-06-07 03:26:47','HR',12,'2024-03-17 02:10:11'),(17,94,'2025-06-19 19:53:11',56,'2024-02-11 00:55:18','2025-07-16 15:50:01',57,'Aliquam non mauris. Morbi non lectus. Aliquam sit amet diam in magna bibendum imperdiet. Nullam orci pede, venenatis non, sodales sed, tincidunt eu, felis. Fusce posuere felis sed lacus. Morbi sem mauris, laoreet ut, rhoncus aliquet, pulvinar sed, nisl. Nunc rhoncus dui vel sem. Sed sagittis.','2023-12-22 11:58:10','2024-03-19 17:36:01','HD',12,'2024-02-01 17:16:52'),(18,50,'2025-01-12 03:03:53',21,'2024-04-11 20:29:12','2024-10-01 11:21:55',83,'Integer ac neque. Duis bibendum. Morbi non quam nec dui luctus rutrum. Nulla tellus. In sagittis dui vel nisl. Duis ac nibh. Fusce lacus purus, aliquet at, feugiat non, pretium quis, lectus. Suspendisse potenti. In eleifend quam a odio. In hac habitasse platea dictumst.','2024-08-04 00:51:07','2024-09-13 05:36:44','HR',22,'2024-08-14 21:12:39'),(19,61,'2024-10-24 16:37:05',66,'2023-10-11 23:08:48','2025-07-27 01:11:19',59,'Lorem ipsum dolor sit amet, consectetuer adipiscing elit. Proin interdum mauris non ligula pellentesque ultrices. Phasellus id sapien in sapien iaculis congue. Vivamus metus arcu, adipiscing molestie, hendrerit at, vulputate vitae, nisl. Aenean lectus. Pellentesque eget nunc.','2024-05-16 03:22:48','2024-02-17 18:25:55','HD',12,'2024-02-22 09:07:22'),(20,31,'2025-07-11 03:29:06',54,'2025-05-06 05:35:13','2023-11-25 06:48:12',35,'Nam congue, risus semper porta volutpat, quam pede lobortis ligula, sit amet eleifend pede libero quis orci. Nullam molestie nibh in lectus.','2024-04-29 14:24:16','2024-07-27 19:44:13','HR',23,'2024-07-21 12:39:23'),(21,20,'2025-01-31 03:54:45',35,'2023-10-13 21:41:13','2024-08-26 20:21:58',94,'Maecenas rhoncus aliquam lacus. Morbi quis tortor id nulla ultrices aliquet. Maecenas leo odio, condimentum id, luctus nec, molestie sed, justo. Pellentesque viverra pede ac diam. Cras pellentesque volutpat dui. Maecenas tristique, est et tempus semper, est quam pharetra magna, ac consequat metus sapien ut nunc. Vestibulum ante ipsum primis in faucibus orci luctus et ultrices posuere cubilia Curae; Mauris viverra diam vitae quam. Suspendisse potenti.','2024-04-23 11:47:44','2025-02-10 00:41:16','FD',24,'2024-12-14 15:09:34'),(22,70,'2024-03-30 08:39:11',12,'2023-12-03 01:48:02','2024-06-03 05:29:57',81,'Morbi ut odio. Cras mi pede, malesuada in, imperdiet et, commodo vulputate, justo. In blandit ultrices enim. Lorem ipsum dolor sit amet, consectetuer adipiscing elit. Proin interdum mauris non ligula pellentesque ultrices. Phasellus id sapien in sapien iaculis congue. Vivamus metus arcu, adipiscing molestie, hendrerit at, vulputate vitae, nisl. Aenean lectus. Pellentesque eget nunc.','2024-06-01 19:29:51','2025-08-06 09:57:09','HD',12,'2024-09-09 03:03:45'),(23,48,'2025-08-13 19:48:13',11,'2025-04-29 17:39:16','2025-08-10 20:15:32',64,'Suspendisse accumsan tortor quis turpis. Sed ante. Vivamus tortor. Duis mattis egestas metus. Aenean fermentum. Donec ut mauris eget massa tempor convallis. Nulla neque libero, convallis eget, eleifend luctus, ultricies eu, nibh. Quisque id justo sit amet sapien dignissim vestibulum. Vestibulum ante ipsum primis in faucibus orci luctus et ultrices posuere cubilia Curae; Nulla dapibus dolor vel est. Donec odio justo, sollicitudin ut, suscipit a, feugiat et, eros.','2025-03-08 16:20:22','2023-09-07 19:38:04','HR',2,'2024-01-27 06:17:53'),(24,13,'2024-09-16 09:50:43',61,'2024-02-14 11:30:46','2025-03-25 21:55:03',40,'Maecenas leo odio, condimentum id, luctus nec, molestie sed, justo. Pellentesque viverra pede ac diam.','2024-03-06 23:00:56','2025-08-24 23:43:25','FD',24,'2024-03-16 04:16:14'),(25,66,'2024-01-01 08:34:36',25,'2025-06-30 04:41:40','2024-10-17 10:12:47',34,'Nulla ac enim. In tempor, turpis nec euismod scelerisque, quam turpis adipiscing lorem, vitae mattis nibh ligula nec sem. Duis aliquam convallis nunc. Proin at turpis a pede posuere nonummy. Integer non velit. Donec diam neque, vestibulum eget, vulputate ut, ultrices vel, augue. ','2025-02-12 11:16:38','2024-01-19 05:45:06','FD',24,'2024-03-13 16:04:47'),(26,16,'2024-05-18 00:17:22',73,'2025-01-24 12:35:24','2024-05-21 18:19:37',86,'Aliquam sit amet diam in magna bibendum imperdiet. Nullam orci pede, venenatis non, sodales sed, tincidunt eu, felis. Fusce posuere felis sed lacus. Morbi sem mauris, laoreet ut, rhoncus aliquet, pulvinar sed, nisl. Nunc rhoncus dui vel sem.','2024-11-26 13:32:05','2023-09-27 02:41:17','HR',12,'2024-08-11 12:40:47'),(27,35,'2024-09-11 05:19:56',81,'2023-10-14 08:37:54','2023-10-01 03:01:15',23,'Donec vitae nisi. Nam ultrices, libero non mattis pulvinar, nulla pede ullamcorper augue, a suscipit nulla elit ac nulla. Sed vel enim sit amet nunc viverra dapibus. Nulla suscipit ligula in lacus. Curabitur at ipsum ac tellus semper interdum.','2024-05-16 16:17:20','2025-03-30 14:44:35','HD',12,'2024-12-16 18:39:37'),(28,66,'2024-02-29 00:29:51',7,'2025-03-03 05:22:36','2025-06-19 15:44:17',83,'Maecenas ut massa quis augue luctus tincidunt. Nulla mollis molestie lorem. Quisque ut erat. Curabitur gravida nisi at nibh. In hac habitasse platea dictumst. Aliquam augue quam, sollicitudin vitae, consectetuer eget, rutrum at, lorem.','2023-12-24 20:58:59','2025-01-19 08:33:32','HR',6,'2024-08-21 06:15:53'),(29,55,'2023-10-11 02:43:08',41,'2025-02-20 23:46:45','2025-07-30 21:11:02',20,'Duis mattis egestas metus.','2024-10-28 11:28:20','2024-12-11 23:09:07','FD',24,'2024-10-30 16:51:32'),(30,33,'2023-09-19 09:58:49',84,'2023-12-17 14:32:09','2023-10-19 16:54:59',38,'Donec diam neque, vestibulum eget, vulputate ut, ultrices vel, augue. Vestibulum ante ipsum primis in faucibus orci luctus et ultrices posuere cubilia Curae; Donec pharetra, magna vestibulum aliquet ultrices, erat tortor sollicitudin mi, sit amet lobortis sapien sapien non mi. Integer ac neque. Duis bibendum.','2024-11-19 19:25:02','2023-10-16 01:41:13','HD',12,'2024-06-09 08:28:38'),(31,45,'2024-01-18 15:16:06',11,'2023-11-28 05:52:09','2024-05-04 23:56:16',17,'Nulla nisl. Nunc nisl. Duis bibendum, felis sed interdum venenatis, turpis enim blandit mi, in porttitor pede justo eu massa. Donec dapibus. Duis at velit eu est congue elementum. In hac habitasse platea dictumst.','2025-06-24 20:43:06','2025-04-24 16:32:57','HR',17,'2025-05-01 10:53:40'),(32,85,'2025-02-04 05:41:12',90,'2024-08-15 03:53:55','2025-08-30 21:52:04',8,'Vestibulum ac est lacinia nisi venenatis tristique. Fusce congue, diam id ornare imperdiet, sapien urna pretium nisl, ut volutpat sapien arcu sed augue.','2025-04-17 09:56:09','2025-01-07 22:03:00','HR',17,'2025-03-26 04:20:42'),(33,66,'2024-01-04 19:48:40',60,'2024-11-04 06:49:16','2023-10-08 06:27:56',24,'Nullam orci pede, venenatis non, sodales sed, tincidunt eu, felis. Fusce posuere felis sed lacus. Morbi sem mauris, laoreet ut, rhoncus aliquet, pulvinar sed, nisl. Nunc rhoncus dui vel sem.','2024-01-15 15:36:34','2025-01-26 15:42:41','FD',24,'2024-07-02 22:21:46'),(34,91,'2024-05-09 01:03:43',79,'2024-02-01 19:50:06','2025-02-09 21:26:51',73,'Donec vitae nisi. Nam ultrices, libero non mattis pulvinar, nulla pede ullamcorper augue, a suscipit nulla elit ac nulla. Sed vel enim sit amet nunc viverra dapibus.','2024-08-25 15:51:50','2024-07-11 06:48:46','FD',24,'2024-07-30 13:58:15'),(35,7,'2024-12-22 14:49:16',14,'2025-04-14 23:20:01','2025-06-10 04:32:15',2,'Nulla facilisi.','2024-10-21 05:15:41','2025-04-27 15:03:52','HR',10,'2025-01-28 10:04:26'),(36,28,'2025-08-13 18:11:44',93,'2023-12-09 20:03:15','2024-06-04 17:09:33',84,'Vestibulum ante ipsum primis in faucibus orci luctus et ultrices posuere cubilia Curae; Donec pharetra, magna vestibulum aliquet ultrices, erat tortor sollicitudin mi, sit amet lobortis sapien sapien non mi. Integer ac neque. Duis bibendum. Morbi non quam nec dui luctus rutrum. Nulla tellus. In sagittis dui vel nisl. Duis ac nibh. Fusce lacus purus, aliquet at, feugiat non, pretium quis, lectus. Suspendisse potenti.','2023-09-28 21:44:59','2025-04-16 05:16:45','HD',12,'2025-02-23 11:10:25'),(37,43,'2024-03-17 12:28:49',25,'2024-06-28 08:10:09','2024-08-15 19:43:02',63,'Praesent id massa id nisl venenatis lacinia. Aenean sit amet justo. Morbi ut odio. Cras mi pede, malesuada in, imperdiet et, commodo vulputate, justo. In blandit ultrices enim. Lorem ipsum dolor sit amet, consectetuer adipiscing elit. Proin interdum mauris non ligula pellentesque ultrices. Phasellus id sapien in sapien iaculis congue. Vivamus metus arcu, adipiscing molestie, hendrerit at, vulputate vitae, nisl.','2023-11-02 04:07:03','2025-02-18 11:53:43','FD',24,'2025-01-31 19:13:43'),(38,53,'2025-02-16 20:51:14',46,'2025-02-21 04:12:43','2025-06-06 20:34:30',81,'In blandit ultrices enim. Lorem ipsum dolor sit amet, consectetuer adipiscing elit.','2024-09-08 08:53:55','2024-05-28 09:46:09','HR',22,'2024-08-30 07:07:31'),(39,45,'2024-04-05 04:32:10',55,'2025-01-13 18:34:28','2024-12-23 12:51:18',21,'Maecenas ut massa quis augue luctus tincidunt.','2024-03-28 16:54:40','2025-02-02 15:39:24','HR',10,'2024-09-16 12:26:19'),(40,58,'2023-11-16 13:55:38',2,'2024-12-28 11:07:51','2024-05-25 10:48:52',75,'Aliquam sit amet diam in magna bibendum imperdiet.','2025-02-19 07:16:00','2024-12-12 20:58:27','HD',12,'2025-01-16 04:48:44'),(41,73,'2024-02-08 03:06:56',87,'2024-03-20 22:59:28','2025-02-28 21:35:01',8,'Nullam varius. Nulla facilisi. Cras non velit nec nisi vulputate nonummy. Maecenas tincidunt lacus at velit. Vivamus vel nulla eget eros elementum pellentesque. Quisque porta volutpat erat. Quisque erat eros, viverra eget, congue eget, semper rutrum, nulla. Nunc purus. Phasellus in felis. Donec semper sapien a libero.','2025-03-28 23:57:01','2024-01-20 18:14:38','HR',5,'2024-04-01 14:36:20'),(42,77,'2024-04-29 10:02:58',47,'2023-09-10 12:31:08','2025-01-04 13:39:38',71,'Lorem ipsum dolor sit amet, consectetuer adipiscing elit.','2024-02-14 23:48:59','2025-03-12 17:14:32','HR',20,'2024-11-05 16:29:45'),(43,35,'2025-07-07 05:21:32',15,'2024-11-29 23:38:15','2024-07-24 15:50:46',18,'Quisque ut erat. Curabitur gravida nisi at nibh. In hac habitasse platea dictumst. Aliquam augue quam, sollicitudin vitae, consectetuer eget, rutrum at, lorem. Integer tincidunt ante vel ipsum. Praesent blandit lacinia erat. Vestibulum sed magna at nunc commodo placerat. Praesent blandit. Nam nulla.','2024-06-20 10:23:48','2025-05-17 23:33:34','HD',12,'2025-04-06 21:37:15'),(44,20,'2024-08-11 14:24:47',33,'2024-11-22 02:39:24','2025-07-05 21:20:54',30,'Cras pellentesque volutpat dui. Maecenas tristique, est et tempus semper, est quam pharetra magna, ac consequat metus sapien ut nunc. Vestibulum ante ipsum primis in faucibus orci luctus et ultrices posuere cubilia Curae; Mauris viverra diam vitae quam. Suspendisse potenti. Nullam porttitor lacus at turpis. Donec posuere metus vitae ipsum. Aliquam non mauris. Morbi non lectus. Aliquam sit amet diam in magna bibendum imperdiet. Nullam orci pede, venenatis non, sodales sed, tincidunt eu, felis.','2023-10-07 00:06:04','2025-06-15 04:40:47','HD',12,'2024-05-12 01:47:42'),(45,35,'2024-06-29 13:56:28',89,'2023-09-01 14:26:12','2024-06-27 11:28:43',92,'Integer ac neque. Duis bibendum. Morbi non quam nec dui luctus rutrum. Nulla tellus. In sagittis dui vel nisl. Duis ac nibh. Fusce lacus purus, aliquet at, feugiat non, pretium quis, lectus.','2025-07-24 15:46:27','2024-08-09 15:49:51','FD',24,'2025-06-06 08:54:51'),(46,89,'2024-03-17 15:02:52',24,'2023-11-12 10:39:19','2024-02-04 20:20:13',34,'Nulla neque libero, convallis eget, eleifend luctus, ultricies eu, nibh. Quisque id justo sit amet sapien dignissim vestibulum. Vestibulum ante ipsum primis in faucibus orci luctus et ultrices posuere cubilia Curae; Nulla dapibus dolor vel est. Donec odio justo, sollicitudin ut, suscipit a, feugiat et, eros. Vestibulum ac est lacinia nisi venenatis tristique.','2024-12-22 21:34:34','2024-04-11 07:43:02','HD',12,'2024-07-14 10:13:49'),(47,55,'2025-01-26 21:46:30',29,'2024-09-11 02:37:31','2025-05-09 17:13:36',31,'Cras pellentesque volutpat dui. Maecenas tristique, est et tempus semper, est quam pharetra magna, ac consequat metus sapien ut nunc.','2023-10-12 01:16:53','2024-11-12 18:35:33','HD',12,'2024-08-02 22:08:48'),(48,76,'2025-08-03 01:48:08',91,'2025-07-05 15:41:44','2024-03-22 02:19:17',75,'Fusce congue, diam id ornare imperdiet, sapien urna pretium nisl, ut volutpat sapien arcu sed augue.','2025-01-18 05:40:20','2024-05-21 18:44:55','FD',24,'2024-07-03 05:40:17'),(49,92,'2025-04-10 12:43:26',40,'2024-01-28 12:27:12','2024-10-24 15:18:40',59,'Nullam sit amet turpis elementum ligula vehicula consequat. Morbi a ipsum. Integer a nibh. In quis justo. Maecenas rhoncus aliquam lacus.','2024-07-12 04:23:45','2024-04-19 23:58:40','HR',13,'2024-04-29 05:21:04'),(50,100,'2024-01-12 23:44:15',79,'2023-09-23 17:45:26','2023-09-15 20:26:48',93,'Vivamus in felis eu sapien cursus vestibulum. Proin eu mi. Nulla ac enim. In tempor, turpis nec euismod scelerisque, quam turpis adipiscing lorem, vitae mattis nibh ligula nec sem. Duis aliquam convallis nunc. Proin at turpis a pede posuere nonummy. Integer non velit.','2025-04-13 09:24:31','2023-11-22 17:08:27','HR',5,'2023-12-06 09:19:55'),(51,94,'2023-10-31 20:19:39',56,'2025-01-18 12:32:21','2025-05-18 19:12:42',75,'Vestibulum ac est lacinia nisi venenatis tristique. Fusce congue, diam id ornare imperdiet, sapien urna pretium nisl, ut volutpat sapien arcu sed augue. Aliquam erat volutpat. In congue. Etiam justo. Etiam pretium iaculis justo. In hac habitasse platea dictumst. Etiam faucibus cursus urna.','2023-11-24 03:23:54','2024-09-30 05:33:16','FD',24,'2024-01-24 17:31:48'),(52,8,'2025-06-26 01:25:16',18,'2024-08-04 02:38:04','2024-09-11 12:29:46',17,'Donec ut mauris eget massa tempor convallis. Nulla neque libero, convallis eget, eleifend luctus, ultricies eu, nibh.','2025-02-28 22:33:32','2024-08-22 00:36:18','HR',10,'2025-02-15 10:38:14'),(53,37,'2025-08-31 07:03:53',14,'2024-09-01 03:27:11','2025-02-04 11:01:24',6,'Duis consequat dui nec nisi volutpat eleifend. Donec ut dolor. Morbi vel lectus in quam fringilla rhoncus. Mauris enim leo, rhoncus sed, vestibulum sit amet, cursus id, turpis. Integer aliquet, massa id lobortis convallis, tortor risus dapibus augue, vel accumsan tellus nisi eu orci. Mauris lacinia sapien quis libero. Nullam sit amet turpis elementum ligula vehicula consequat. Morbi a ipsum. Integer a nibh. In quis justo.','2024-01-28 06:10:42','2025-02-07 18:28:54','HR',12,'2024-11-09 05:38:01'),(54,6,'2024-07-16 23:57:01',55,'2025-02-28 04:20:05','2025-01-31 19:21:29',88,'Integer a nibh. In quis justo. Maecenas rhoncus aliquam lacus. Morbi quis tortor id nulla ultrices aliquet. Maecenas leo odio, condimentum id, luctus nec, molestie sed, justo. Pellentesque viverra pede ac diam. Cras pellentesque volutpat dui. Maecenas tristique, est et tempus semper, est quam pharetra magna, ac consequat metus sapien ut nunc.','2025-07-10 08:07:59','2024-09-17 16:07:05','HR',2,'2025-01-18 04:30:57'),(55,47,'2024-12-15 20:07:09',15,'2024-11-15 15:21:22','2025-04-24 09:00:49',33,'Morbi odio odio, elementum eu, interdum eu, tincidunt in, leo. Maecenas pulvinar lobortis est. Phasellus sit amet erat. Nulla tempus.','2023-12-08 12:24:42','2024-05-15 20:56:43','FD',24,'2024-03-21 00:28:26'),(56,24,'2025-07-18 07:50:33',55,'2025-04-15 01:45:14','2024-08-03 07:06:55',48,'Nulla tempus. Vivamus in felis eu sapien cursus vestibulum. Proin eu mi. Nulla ac enim. In tempor, turpis nec euismod scelerisque, quam turpis adipiscing lorem, vitae mattis nibh ligula nec sem. Duis aliquam convallis nunc. Proin at turpis a pede posuere nonummy. Integer non velit.','2024-09-28 15:46:25','2023-11-25 13:12:12','HR',1,'2024-04-30 11:35:11'),(57,92,'2024-01-31 05:47:55',72,'2023-11-03 14:32:55','2025-05-02 09:56:06',96,'Nulla tellus. In sagittis dui vel nisl. Duis ac nibh. Fusce lacus purus, aliquet at, feugiat non, pretium quis, lectus. Suspendisse potenti. In eleifend quam a odio.','2023-09-02 16:46:04','2025-02-14 23:00:45','FD',24,'2024-05-27 20:31:55'),(58,29,'2024-02-18 19:09:51',81,'2023-10-19 10:34:26','2023-09-10 14:36:19',9,'Donec posuere metus vitae ipsum. Aliquam non mauris. Morbi non lectus. Aliquam sit amet diam in magna bibendum imperdiet. Nullam orci pede, venenatis non, sodales sed, tincidunt eu, felis. Fusce posuere felis sed lacus. Morbi sem mauris, laoreet ut, rhoncus aliquet, pulvinar sed, nisl.','2024-06-21 20:19:35','2024-07-01 12:17:51','FD',24,'2024-06-22 08:20:44'),(59,14,'2024-06-25 16:32:11',63,'2023-10-27 15:53:17','2024-12-20 06:52:35',8,'Nulla mollis molestie lorem. Quisque ut erat. Curabitur gravida nisi at nibh. In hac habitasse platea dictumst. Aliquam augue quam, sollicitudin vitae, consectetuer eget, rutrum at, lorem. Integer tincidunt ante vel ipsum. Praesent blandit lacinia erat. Vestibulum sed magna at nunc commodo placerat. Praesent blandit. Nam nulla.','2023-12-04 11:04:25','2024-05-08 00:21:53','HR',19,'2024-03-29 07:38:10'),(60,92,'2025-03-18 21:20:53',9,'2024-07-09 01:35:35','2025-06-21 03:05:05',7,'In hac habitasse platea dictumst.','2025-01-10 14:57:25','2024-01-04 02:25:21','FD',24,'2024-06-12 19:39:26'),(61,55,'2023-10-30 09:16:23',13,'2023-09-20 17:44:01','2024-02-11 03:37:34',5,'Nullam molestie nibh in lectus. Pellentesque at nulla. Suspendisse potenti. Cras in purus eu magna vulputate luctus. Cum sociis natoque penatibus et magnis dis parturient montes, nascetur ridiculus mus. Vivamus vestibulum sagittis sapien.','2023-11-01 08:18:41','2023-10-09 13:34:49','HD',12,'2023-10-18 11:39:44'),(62,36,'2024-09-29 21:30:10',89,'2024-04-24 13:50:03','2025-08-22 16:22:58',76,'In hac habitasse platea dictumst. Morbi vestibulum, velit id pretium iaculis, diam erat fermentum justo, nec condimentum neque sapien placerat ante. Nulla justo. Aliquam quis turpis eget elit sodales scelerisque. Mauris sit amet eros. Suspendisse accumsan tortor quis turpis. Sed ante. Vivamus tortor. Duis mattis egestas metus.','2025-05-25 23:32:43','2025-02-06 07:22:05','FD',24,'2025-04-19 09:59:43'),(63,45,'2024-07-08 20:44:44',49,'2025-04-01 17:49:16','2024-12-16 23:34:38',38,'Cras in purus eu magna vulputate luctus. Cum sociis natoque penatibus et magnis dis parturient montes, nascetur ridiculus mus. Vivamus vestibulum sagittis sapien. Cum sociis natoque penatibus et magnis dis parturient montes, nascetur ridiculus mus. Etiam vel augue. Vestibulum rutrum rutrum neque. Aenean auctor gravida sem.','2024-07-14 03:17:07','2025-07-04 09:17:09','HR',20,'2025-05-14 14:07:15'),(64,48,'2025-04-07 06:31:45',84,'2024-03-08 09:23:54','2025-02-13 14:21:18',66,'Aliquam non mauris. Morbi non lectus. Aliquam sit amet diam in magna bibendum imperdiet. Nullam orci pede, venenatis non, sodales sed, tincidunt eu, felis.','2025-04-18 17:14:32','2024-12-05 09:55:04','HD',12,'2025-03-12 16:44:15'),(65,84,'2024-02-19 11:09:31',38,'2024-03-31 20:29:09','2025-01-17 13:58:22',21,'Integer ac leo. Pellentesque ultrices mattis odio. Donec vitae nisi.','2025-05-15 01:04:17','2024-05-13 14:08:01','FD',24,'2024-07-23 05:35:23'),(66,62,'2024-01-01 22:37:36',98,'2024-12-31 19:54:20','2024-11-18 15:57:07',86,'In quis justo. Maecenas rhoncus aliquam lacus. Morbi quis tortor id nulla ultrices aliquet. Maecenas leo odio, condimentum id, luctus nec, molestie sed, justo. Pellentesque viverra pede ac diam. Cras pellentesque volutpat dui. Maecenas tristique, est et tempus semper, est quam pharetra magna, ac consequat metus sapien ut nunc. Vestibulum ante ipsum primis in faucibus orci luctus et ultrices posuere cubilia Curae; Mauris viverra diam vitae quam. Suspendisse potenti.','2024-08-16 03:27:10','2024-02-22 00:47:24','FD',24,'2024-07-10 07:21:00'),(67,16,'2024-11-09 08:30:46',74,'2025-02-06 16:36:07','2024-03-29 17:42:15',22,'Aliquam erat volutpat. In congue. Etiam justo. Etiam pretium iaculis justo. In hac habitasse platea dictumst. Etiam faucibus cursus urna.','2023-10-13 21:56:59','2024-06-26 12:59:52','HD',12,'2024-03-22 02:22:57'),(68,62,'2025-03-15 16:35:28',97,'2025-07-29 22:18:50','2025-06-17 11:47:16',28,'Nulla mollis molestie lorem. Quisque ut erat. Curabitur gravida nisi at nibh. In hac habitasse platea dictumst. Aliquam augue quam, sollicitudin vitae, consectetuer eget, rutrum at, lorem.','2024-03-17 14:27:07','2025-02-02 08:00:07','HR',21,'2024-08-23 08:36:59'),(69,41,'2023-09-05 17:02:07',69,'2025-01-31 11:42:44','2023-09-14 19:19:49',16,'Donec vitae nisi. Nam ultrices, libero non mattis pulvinar, nulla pede ullamcorper augue, a suscipit nulla elit ac nulla.','2025-08-10 23:44:39','2025-07-04 19:01:00','HD',12,'2025-07-19 20:53:02'),(70,68,'2024-12-31 13:11:29',30,'2023-09-04 07:20:34','2024-07-04 21:09:06',65,'Nunc rhoncus dui vel sem. Sed sagittis. Nam congue, risus semper porta volutpat, quam pede lobortis ligula, sit amet eleifend pede libero quis orci. Nullam molestie nibh in lectus. Pellentesque at nulla. Suspendisse potenti. Cras in purus eu magna vulputate luctus. Cum sociis natoque penatibus et magnis dis parturient montes, nascetur ridiculus mus.','2024-08-11 06:39:47','2023-09-07 04:44:49','FD',24,'2024-02-26 03:23:20'),(71,4,'2024-01-09 07:52:09',58,'2024-06-26 01:01:02','2024-06-15 21:16:19',50,'Nulla mollis molestie lorem.','2024-02-13 15:40:44','2024-09-17 16:42:12','HR',18,'2024-07-10 08:59:26'),(72,43,'2025-03-14 06:37:29',61,'2024-06-13 21:08:05','2024-04-15 23:02:25',77,'Pellentesque viverra pede ac diam. Cras pellentesque volutpat dui. Maecenas tristique, est et tempus semper, est quam pharetra magna, ac consequat metus sapien ut nunc. Vestibulum ante ipsum primis in faucibus orci luctus et ultrices posuere cubilia Curae; Mauris viverra diam vitae quam. Suspendisse potenti. Nullam porttitor lacus at turpis. Donec posuere metus vitae ipsum. Aliquam non mauris. Morbi non lectus. Aliquam sit amet diam in magna bibendum imperdiet.','2023-09-28 06:33:40','2025-08-21 07:15:15','HR',3,'2025-06-29 20:22:10'),(73,32,'2023-09-05 07:58:56',99,'2024-04-13 11:30:54','2024-08-14 07:25:47',53,'Mauris lacinia sapien quis libero. Nullam sit amet turpis elementum ligula vehicula consequat. Morbi a ipsum. Integer a nibh. In quis justo. Maecenas rhoncus aliquam lacus. Morbi quis tortor id nulla ultrices aliquet. Maecenas leo odio, condimentum id, luctus nec, molestie sed, justo.','2024-10-04 10:20:03','2025-08-24 09:35:37','HD',12,'2025-04-10 05:55:15'),(74,58,'2024-11-06 01:35:29',91,'2024-12-13 13:07:34','2025-06-26 15:31:08',6,'Pellentesque viverra pede ac diam. Cras pellentesque volutpat dui. Maecenas tristique, est et tempus semper, est quam pharetra magna, ac consequat metus sapien ut nunc. Vestibulum ante ipsum primis in faucibus orci luctus et ultrices posuere cubilia Curae; Mauris viverra diam vitae quam. Suspendisse potenti. Nullam porttitor lacus at turpis. Donec posuere metus vitae ipsum. Aliquam non mauris. Morbi non lectus. Aliquam sit amet diam in magna bibendum imperdiet.','2025-05-12 23:49:24','2025-03-10 00:53:11','HR',10,'2025-05-04 22:49:40'),(75,3,'2025-04-05 18:48:26',37,'2023-09-17 13:06:22','2024-02-22 22:48:28',21,'Aliquam sit amet diam in magna bibendum imperdiet. Nullam orci pede, venenatis non, sodales sed, tincidunt eu, felis.','2023-10-10 21:02:01','2025-01-21 05:40:43','HR',16,'2024-11-30 11:16:11'),(76,91,'2025-06-28 18:08:16',81,'2024-04-11 17:05:55','2023-12-09 05:39:56',95,'In hac habitasse platea dictumst. Aliquam augue quam, sollicitudin vitae, consectetuer eget, rutrum at, lorem. Integer tincidunt ante vel ipsum. Praesent blandit lacinia erat. Vestibulum sed magna at nunc commodo placerat. Praesent blandit. Nam nulla. Integer pede justo, lacinia eget, tincidunt eget, tempus vel, pede. Morbi porttitor lorem id ligula.','2025-06-11 08:42:53','2025-08-18 11:23:38','HD',12,'2025-06-16 03:23:35'),(77,24,'2024-01-14 03:36:53',30,'2024-03-29 13:34:08','2024-08-05 06:10:23',81,'Duis ac nibh.','2025-08-02 05:04:24','2024-04-26 15:44:13','HR',3,'2024-09-20 14:02:59'),(78,82,'2024-06-06 12:42:22',2,'2025-02-05 04:39:26','2024-01-03 11:24:36',49,'Phasellus id sapien in sapien iaculis congue. Vivamus metus arcu, adipiscing molestie, hendrerit at, vulputate vitae, nisl.','2025-07-18 22:45:42','2024-08-13 20:12:32','HR',13,'2025-05-11 16:27:32'),(79,82,'2024-03-13 06:27:17',25,'2025-05-09 05:16:41','2024-12-20 12:04:41',63,'Morbi non quam nec dui luctus rutrum. Nulla tellus. In sagittis dui vel nisl. Duis ac nibh. Fusce lacus purus, aliquet at, feugiat non, pretium quis, lectus. Suspendisse potenti.','2023-12-31 08:58:35','2024-02-15 05:19:53','HR',7,'2024-02-13 08:42:43'),(80,86,'2024-02-03 00:30:10',27,'2024-05-08 05:55:37','2024-02-07 13:09:49',35,'Cras in purus eu magna vulputate luctus. Cum sociis natoque penatibus et magnis dis parturient montes, nascetur ridiculus mus. Vivamus vestibulum sagittis sapien.','2024-03-12 20:25:05','2023-10-02 16:36:38','HD',12,'2024-02-10 11:57:06'),(81,60,'2024-02-04 22:14:33',87,'2025-05-06 22:12:22','2023-09-28 07:44:20',86,'In blandit ultrices enim. Lorem ipsum dolor sit amet, consectetuer adipiscing elit. Proin interdum mauris non ligula pellentesque ultrices. Phasellus id sapien in sapien iaculis congue. Vivamus metus arcu, adipiscing molestie, hendrerit at, vulputate vitae, nisl. Aenean lectus. Pellentesque eget nunc. Donec quis orci eget orci vehicula condimentum.','2025-05-27 04:29:56','2024-10-26 02:47:33','HR',21,'2025-05-08 08:32:44'),(82,88,'2025-07-17 12:52:41',73,'2024-11-24 20:07:20','2024-05-08 02:53:14',51,'Phasellus sit amet erat. Nulla tempus. Vivamus in felis eu sapien cursus vestibulum. Proin eu mi. Nulla ac enim. In tempor, turpis nec euismod scelerisque, quam turpis adipiscing lorem, vitae mattis nibh ligula nec sem. Duis aliquam convallis nunc. Proin at turpis a pede posuere nonummy. Integer non velit. Donec diam neque, vestibulum eget, vulputate ut, ultrices vel, augue.','2024-06-23 02:24:12','2024-06-13 14:51:13','HR',13,'2024-06-14 22:17:10'),(83,53,'2024-07-15 07:19:19',44,'2024-08-09 04:00:57','2024-11-09 20:28:27',23,'Morbi ut odio. Cras mi pede, malesuada in, imperdiet et, commodo vulputate, justo. In blandit ultrices enim. Lorem ipsum dolor sit amet, consectetuer adipiscing elit. Proin interdum mauris non ligula pellentesque ultrices.','2024-01-08 23:28:24','2024-12-28 11:07:23','HR',24,'2024-01-24 15:22:20'),(84,100,'2023-10-05 05:09:26',90,'2024-05-21 22:25:26','2025-08-27 10:14:25',8,'Nam nulla. Integer pede justo, lacinia eget, tincidunt eget, tempus vel, pede. Morbi porttitor lorem id ligula. Suspendisse ornare consequat lectus. In est risus, auctor sed, tristique in, tempus sit amet, sem.','2024-06-25 20:13:22','2025-02-03 03:59:21','FD',24,'2024-11-14 02:09:22'),(85,41,'2024-04-17 20:16:58',12,'2025-01-13 13:55:11','2024-11-24 16:32:33',85,'Maecenas leo odio, condimentum id, luctus nec, molestie sed, justo. Pellentesque viverra pede ac diam. Cras pellentesque volutpat dui. Maecenas tristique, est et tempus semper, est quam pharetra magna, ac consequat metus sapien ut nunc. Vestibulum ante ipsum primis in faucibus orci luctus et ultrices posuere cubilia Curae; Mauris viverra diam vitae quam. Suspendisse potenti. Nullam porttitor lacus at turpis. Donec posuere metus vitae ipsum.','2024-08-16 04:39:31','2025-03-19 04:30:07','HD',12,'2024-08-25 16:00:54'),(86,86,'2024-06-29 14:26:34',27,'2024-11-05 18:15:26','2024-12-19 11:13:52',7,'Suspendisse potenti. In eleifend quam a odio. In hac habitasse platea dictumst. Maecenas ut massa quis augue luctus tincidunt. Nulla mollis molestie lorem. Quisque ut erat. Curabitur gravida nisi at nibh. In hac habitasse platea dictumst. Aliquam augue quam, sollicitudin vitae, consectetuer eget, rutrum at, lorem.','2024-03-23 21:37:16','2024-11-08 01:24:01','HR',7,'2024-06-03 22:27:03'),(87,83,'2025-02-23 22:21:47',59,'2024-03-12 09:38:53','2024-05-16 18:19:56',85,'Proin interdum mauris non ligula pellentesque ultrices. Phasellus id sapien in sapien iaculis congue. Vivamus metus arcu, adipiscing molestie, hendrerit at, vulputate vitae, nisl. Aenean lectus. Pellentesque eget nunc. Donec quis orci eget orci vehicula condimentum.','2025-07-27 12:47:14','2024-01-26 09:48:36','FD',24,'2024-11-28 14:39:58'),(88,98,'2025-06-13 02:58:03',10,'2024-10-06 00:47:20','2025-07-25 21:15:17',76,'In blandit ultrices enim. Lorem ipsum dolor sit amet, consectetuer adipiscing elit. Proin interdum mauris non ligula pellentesque ultrices. Phasellus id sapien in sapien iaculis congue. Vivamus metus arcu, adipiscing molestie, hendrerit at, vulputate vitae, nisl. Aenean lectus. Pellentesque eget nunc. Donec quis orci eget orci vehicula condimentum. Curabitur in libero ut massa volutpat convallis.','2024-08-17 02:17:49','2024-07-07 02:07:27','FD',24,'2024-08-06 15:40:12'),(89,95,'2024-12-29 20:57:37',50,'2024-08-26 19:33:12','2023-12-10 18:17:49',43,'Vivamus in felis eu sapien cursus vestibulum. Proin eu mi. Nulla ac enim. In tempor, turpis nec euismod scelerisque, quam turpis adipiscing lorem, vitae mattis nibh ligula nec sem. Duis aliquam convallis nunc. Proin at turpis a pede posuere nonummy.','2023-10-14 16:22:40','2024-05-16 11:36:18','FD',24,'2024-05-06 17:55:12'),(90,21,'2023-12-19 21:00:17',77,'2025-03-08 15:09:48','2024-09-09 22:43:32',66,'Nulla tellus. In sagittis dui vel nisl. Duis ac nibh. Fusce lacus purus, aliquet at, feugiat non, pretium quis, lectus. Suspendisse potenti. In eleifend quam a odio. In hac habitasse platea dictumst.','2024-07-16 18:56:43','2025-05-08 17:17:02','FD',24,'2024-07-19 13:33:51'),(91,74,'2025-03-19 13:40:07',87,'2024-10-11 19:17:32','2024-11-23 14:28:50',97,'Nam ultrices, libero non mattis pulvinar, nulla pede ullamcorper augue, a suscipit nulla elit ac nulla. Sed vel enim sit amet nunc viverra dapibus.','2025-05-10 04:15:57','2024-02-27 22:57:02','HD',12,'2025-02-19 05:09:34'),(92,56,'2024-05-04 12:39:22',21,'2025-06-24 05:10:16','2024-04-04 16:50:16',84,'Nullam orci pede, venenatis non, sodales sed, tincidunt eu, felis. Fusce posuere felis sed lacus. Morbi sem mauris, laoreet ut, rhoncus aliquet, pulvinar sed, nisl. Nunc rhoncus dui vel sem. Sed sagittis. Nam congue, risus semper porta volutpat, quam pede lobortis ligula, sit amet eleifend pede libero quis orci. Nullam molestie nibh in lectus. Pellentesque at nulla. Suspendisse potenti.','2024-12-07 13:28:03','2025-06-02 01:12:25','FD',24,'2025-05-12 23:36:53'),(93,9,'2023-11-23 19:53:42',6,'2024-11-21 15:05:58','2025-03-19 07:15:51',96,'Integer tincidunt ante vel ipsum. Praesent blandit lacinia erat.','2024-03-01 06:10:03','2024-07-19 07:21:06','HR',10,'2024-07-02 21:34:57'),(94,48,'2025-06-13 13:56:52',61,'2024-11-26 22:42:36','2024-12-04 20:20:57',17,'Vivamus vel nulla eget eros elementum pellentesque. Quisque porta volutpat erat. Quisque erat eros, viverra eget, congue eget, semper rutrum, nulla. Nunc purus.','2024-11-27 22:15:16','2023-12-11 08:14:26','HR',7,'2024-03-06 14:37:07'),(95,96,'2025-06-04 09:05:56',89,'2024-12-29 02:00:48','2024-01-23 06:28:27',55,'Nullam porttitor lacus at turpis. Donec posuere metus vitae ipsum.','2025-02-17 07:28:59','2024-11-29 01:18:12','HR',2,'2025-02-07 00:42:10'),(96,29,'2025-05-06 11:51:04',43,'2023-10-20 05:09:19','2024-12-17 06:35:28',11,'Aliquam quis turpis eget elit sodales scelerisque. Mauris sit amet eros. Suspendisse accumsan tortor quis turpis. Sed ante. Vivamus tortor. Duis mattis egestas metus. Aenean fermentum. Donec ut mauris eget massa tempor convallis. Nulla neque libero, convallis eget, eleifend luctus, ultricies eu, nibh.','2025-06-23 11:22:51','2025-07-25 14:30:51','HR',14,'2025-07-05 12:14:42'),(97,16,'2025-04-25 18:20:43',78,'2024-04-05 06:55:34','2025-01-20 15:54:48',94,'Aliquam quis turpis eget elit sodales scelerisque. Mauris sit amet eros.','2023-12-05 02:28:04','2024-08-07 03:58:28','HR',16,'2024-04-03 08:03:54'),(98,86,'2024-02-17 01:56:50',25,'2024-02-20 06:11:37','2024-09-15 18:28:01',46,'Mauris lacinia sapien quis libero. Nullam sit amet turpis elementum ligula vehicula consequat. Morbi a ipsum. Integer a nibh. In quis justo. Maecenas rhoncus aliquam lacus.','2023-11-21 16:33:58','2024-03-18 04:11:01','HD',12,'2023-12-29 05:00:39'),(99,4,'2024-02-21 02:53:51',35,'2025-05-21 01:39:17','2024-08-30 13:51:36',17,'Maecenas tincidunt lacus at velit. Vivamus vel nulla eget eros elementum pellentesque. Quisque porta volutpat erat.','2025-05-25 08:48:38','2024-02-23 20:41:32','FD',24,'2025-03-26 15:02:00'),(100,33,'2024-04-07 01:46:45',21,'2024-12-25 00:01:50','2023-12-20 15:21:08',9,'Vestibulum rutrum rutrum neque. Aenean auctor gravida sem. Praesent id massa id nisl venenatis lacinia. Aenean sit amet justo.','2025-02-25 01:47:16','2024-08-04 16:30:57','FD',24,'2024-10-05 18:21:33');
/*!40000 ALTER TABLE `SpaceBooking` ENABLE KEYS */;
UNLOCK TABLES;

--
-- Table structure for table `SpaceBookingBookedFacilities`
--

DROP TABLE IF EXISTS `SpaceBookingBookedFacilities`;
/*!40101 SET @saved_cs_client     = @@character_set_client */;
/*!50503 SET character_set_client = utf8mb4 */;
CREATE TABLE `SpaceBookingBookedFacilities` (
  `booking_id` int NOT NULL,
  `facility_id` int NOT NULL,
  `amount` int NOT NULL,
  PRIMARY KEY (`booking_id`,`facility_id`),
  KEY `facility_id` (`facility_id`),
  CONSTRAINT `SpaceBookingBookedFacilities_ibfk_1` FOREIGN KEY (`booking_id`) REFERENCES `SpaceBooking` (`id`) ON DELETE CASCADE,
  CONSTRAINT `SpaceBookingBookedFacilities_ibfk_2` FOREIGN KEY (`facility_id`) REFERENCES `SpaceFacilities` (`id`) ON DELETE CASCADE
) ENGINE=InnoDB DEFAULT CHARSET=utf8mb4 COLLATE=utf8mb4_0900_ai_ci;
/*!40101 SET character_set_client = @saved_cs_client */;

--
-- Dumping data for table `SpaceBookingBookedFacilities`
--

LOCK TABLES `SpaceBookingBookedFacilities` WRITE;
/*!40000 ALTER TABLE `SpaceBookingBookedFacilities` DISABLE KEYS */;
INSERT INTO `SpaceBookingBookedFacilities` VALUES (1,5,3),(3,4,17),(3,6,4),(6,3,17),(6,5,6),(7,4,4),(10,4,12),(12,4,16),(13,4,17),(14,2,1),(16,4,12),(16,5,7),(17,5,14),(18,4,15),(19,3,14),(19,6,3),(20,2,20),(20,3,9),(21,1,7),(21,4,8),(22,4,20),(23,2,9),(25,3,9),(26,6,17),(27,2,17),(28,5,15),(29,1,15),(32,2,2),(33,3,14),(36,2,7),(36,3,11),(36,5,4),(37,2,1),(38,1,4),(38,3,20),(39,1,17),(40,1,10),(40,2,8),(40,6,13),(43,2,3),(46,4,11),(47,1,8),(47,5,17),(47,6,16),(50,2,5),(51,4,8),(51,5,6),(51,6,4),(52,4,11),(52,6,4),(53,2,3),(53,5,7),(54,3,8),(54,6,17),(55,2,18),(55,4,5),(56,2,18),(56,5,17),(58,3,16),(59,1,3),(59,6,20),(60,4,16),(61,1,10),(61,2,12),(61,3,3),(62,1,10),(62,2,2),(63,3,3),(64,3,3),(65,2,20),(66,6,10),(67,2,2),(68,2,11),(69,3,17),(69,5,10),(70,4,12),(71,6,17),(72,1,3),(73,5,9),(74,4,12),(77,1,7),(77,4,11),(79,4,7),(82,5,4),(83,5,8),(83,6,4),(84,4,12),(85,1,2),(85,5,9),(86,1,18),(88,3,17),(88,5,2),(89,4,17),(92,4,19),(93,1,17),(93,4,8),(94,3,20),(95,4,10),(97,6,18),(98,1,17);
/*!40000 ALTER TABLE `SpaceBookingBookedFacilities` ENABLE KEYS */;
UNLOCK TABLES;

--
-- Table structure for table `SpaceFacilities`
--

DROP TABLE IF EXISTS `SpaceFacilities`;
/*!40101 SET @saved_cs_client     = @@character_set_client */;
/*!50503 SET character_set_client = utf8mb4 */;
CREATE TABLE `SpaceFacilities` (
  `id` int NOT NULL AUTO_INCREMENT,
  `space_id` int NOT NULL,
  `facility_type_id` int NOT NULL,
  `total_amount` int NOT NULL,
  `name` varchar(100) DEFAULT NULL,
  PRIMARY KEY (`id`),
  KEY `space_id` (`space_id`),
  KEY `facility_type_id` (`facility_type_id`),
  CONSTRAINT `SpaceFacilities_ibfk_1` FOREIGN KEY (`space_id`) REFERENCES `Space` (`id`) ON DELETE CASCADE,
  CONSTRAINT `SpaceFacilities_ibfk_2` FOREIGN KEY (`facility_type_id`) REFERENCES `FacilityType` (`id`) ON DELETE CASCADE
) ENGINE=InnoDB AUTO_INCREMENT=101 DEFAULT CHARSET=utf8mb4 COLLATE=utf8mb4_0900_ai_ci;
/*!40101 SET character_set_client = @saved_cs_client */;

--
-- Dumping data for table `SpaceFacilities`
--

LOCK TABLES `SpaceFacilities` WRITE;
/*!40000 ALTER TABLE `SpaceFacilities` DISABLE KEYS */;
INSERT INTO `SpaceFacilities` VALUES (1,62,2,16,'Dell'),(2,51,2,18,'Toshiba'),(3,52,3,10,'Dell'),(4,34,6,12,'Hitachi'),(5,76,5,5,'Sharp'),(6,62,4,15,'Unknown Facility'),(7,30,4,3,'Unknown Facility'),(8,34,6,10,'Apple'),(9,2,5,8,'Unknown Facility'),(10,13,1,17,'Philips'),(11,55,6,4,'Unknown Facility'),(12,72,3,1,'Toshiba'),(13,79,2,19,'Unknown Facility'),(14,42,1,3,'Hitachi'),(15,28,5,12,'Unknown Facility'),(16,54,3,2,'Unknown Facility'),(17,63,1,9,'Unknown Facility'),(18,99,5,1,'Panasonic'),(19,47,2,19,'Unknown Facility'),(20,40,3,15,'Philips'),(21,28,2,12,'Unknown Facility'),(22,49,5,9,'Hitachi'),(23,8,3,16,'Unknown Facility'),(24,51,5,7,'Unknown Facility'),(25,2,2,3,'Unknown Facility'),(26,79,2,18,'Toshiba'),(27,57,2,9,'Dell'),(28,73,1,2,'Apple'),(29,14,4,5,'Samsung'),(30,23,5,10,'Unknown Facility'),(31,94,1,9,'Unknown Facility'),(32,4,4,4,'Unknown Facility'),(33,63,4,14,'Toshiba'),(34,4,6,14,'Dell'),(35,60,5,12,'Unknown Facility'),(36,67,3,14,'Unknown Facility'),(37,60,4,20,'Unknown Facility'),(38,90,4,9,'Hitachi'),(39,82,6,6,'Toshiba'),(40,24,3,6,'Unknown Facility'),(41,41,6,19,'LG'),(42,15,1,2,'Unknown Facility'),(43,31,4,5,'Unknown Facility'),(44,61,3,17,'Hitachi'),(45,23,5,3,'Samsung'),(46,43,5,3,'Dell'),(47,19,3,2,'Sharp'),(48,8,1,13,'Philips'),(49,69,6,2,'Unknown Facility'),(50,44,3,11,'Sony'),(51,76,6,8,'Unknown Facility'),(52,35,4,11,'Unknown Facility'),(53,78,1,4,'Samsung'),(54,37,2,13,'Sharp'),(55,75,5,4,'Unknown Facility'),(56,33,1,1,'Unknown Facility'),(57,12,5,1,'Unknown Facility'),(58,25,2,14,'Unknown Facility'),(59,29,3,18,'Toshiba'),(60,4,2,10,'Unknown Facility'),(61,99,3,9,'Unknown Facility'),(62,13,6,8,'Unknown Facility'),(63,11,3,11,'Unknown Facility'),(64,33,2,16,'Unknown Facility'),(65,81,1,6,'Unknown Facility'),(66,21,2,15,'Toshiba'),(67,15,6,11,'Unknown Facility'),(68,17,4,15,'Apple'),(69,25,2,18,'Unknown Facility'),(70,79,6,4,'Hitachi'),(71,22,4,6,'Unknown Facility'),(72,20,4,6,'Sharp'),(73,70,3,18,'Unknown Facility'),(74,94,1,5,'Toshiba'),(75,43,3,11,'Unknown Facility'),(76,45,5,19,'Unknown Facility'),(77,21,5,15,'Apple'),(78,73,3,7,'Unknown Facility'),(79,90,3,13,'LG'),(80,79,6,20,'Unknown Facility'),(81,15,6,15,'Panasonic'),(82,86,6,12,'Unknown Facility'),(83,95,3,3,'Unknown Facility'),(84,77,6,11,'Unknown Facility'),(85,78,1,14,'Dell'),(86,4,5,9,'Unknown Facility'),(87,11,4,14,'Unknown Facility'),(88,85,1,8,'Sony'),(89,51,4,19,'Philips'),(90,31,5,15,'Sony'),(91,44,4,19,'Sony'),(92,46,5,4,'Philips'),(93,17,6,14,'Philips'),(94,77,3,16,'Sony'),(95,9,1,3,'Unknown Facility'),(96,31,3,17,'Sony'),(97,92,4,13,'Panasonic'),(98,14,6,5,'Panasonic'),(99,90,3,6,'Unknown Facility'),(100,99,3,3,'Samsung');
/*!40000 ALTER TABLE `SpaceFacilities` ENABLE KEYS */;
UNLOCK TABLES;

--
-- Table structure for table `SpaceFacilitiesRentalFeeRate`
--

DROP TABLE IF EXISTS `SpaceFacilitiesRentalFeeRate`;
/*!40101 SET @saved_cs_client     = @@character_set_client */;
/*!50503 SET character_set_client = utf8mb4 */;
CREATE TABLE `SpaceFacilitiesRentalFeeRate` (
  `facility_id` int NOT NULL,
  `rate_code` varchar(50) NOT NULL,
  `rate` decimal(10,2) NOT NULL,
  PRIMARY KEY (`facility_id`,`rate_code`),
  KEY `fk_facility_rate` (`rate_code`),
  CONSTRAINT `fk_facility` FOREIGN KEY (`facility_id`) REFERENCES `SpaceFacilities` (`id`),
  CONSTRAINT `fk_facility_rate` FOREIGN KEY (`rate_code`) REFERENCES `RentalRateType` (`code`)
) ENGINE=InnoDB DEFAULT CHARSET=utf8mb4 COLLATE=utf8mb4_0900_ai_ci;
/*!40101 SET character_set_client = @saved_cs_client */;

--
-- Dumping data for table `SpaceFacilitiesRentalFeeRate`
--

LOCK TABLES `SpaceFacilitiesRentalFeeRate` WRITE;
/*!40000 ALTER TABLE `SpaceFacilitiesRentalFeeRate` DISABLE KEYS */;
INSERT INTO `SpaceFacilitiesRentalFeeRate` VALUES (2,'FD',88.00),(3,'FD',62.00),(4,'HD',98.00),(5,'FD',1.00),(7,'HD',12.00),(10,'FD',98.00),(10,'HR',12.00),(11,'HD',5.00),(12,'FD',59.00),(12,'HD',5.00),(13,'HR',85.00),(14,'FD',50.00),(15,'FD',28.00),(15,'HR',52.00),(16,'FD',39.00),(16,'HD',20.00),(17,'FD',33.00),(18,'FD',49.00),(19,'HD',68.00),(19,'HR',63.00),(20,'HR',3.00),(21,'FD',69.00),(25,'FD',21.00),(26,'HD',42.00),(26,'HR',96.00),(27,'HD',91.00),(27,'HR',81.00),(28,'HD',66.00),(28,'HR',56.00),(30,'HD',89.00),(30,'HR',22.00),(31,'HR',76.00),(32,'FD',5.00),(32,'HD',48.00),(32,'HR',81.00),(34,'HR',92.00),(35,'HD',72.00),(36,'HR',34.00),(37,'HR',68.00),(38,'HD',80.00),(38,'HR',84.00),(40,'HD',63.00),(40,'HR',59.00),(42,'HR',42.00),(43,'HR',34.00),(44,'FD',81.00),(44,'HR',89.00),(46,'FD',4.00),(46,'HR',77.00),(47,'HR',41.00),(49,'HR',86.00),(51,'FD',77.00),(52,'HD',17.00),(53,'FD',75.00),(53,'HR',86.00),(54,'HR',53.00),(55,'HR',24.00),(56,'FD',5.00),(57,'HR',94.00),(58,'HR',97.00),(59,'FD',5.00),(62,'HR',80.00),(63,'FD',51.00),(63,'HR',40.00),(64,'FD',32.00),(65,'HD',22.00),(65,'HR',2.00),(66,'FD',46.00),(66,'HD',70.00),(67,'HR',31.00),(69,'FD',66.00),(70,'HD',85.00),(70,'HR',92.00),(71,'FD',89.00),(71,'HD',25.00),(72,'HD',14.00),(75,'HD',60.00),(76,'HD',64.00),(78,'HR',100.00),(80,'HR',94.00),(83,'FD',30.00),(85,'HD',29.00),(86,'HD',24.00),(86,'HR',15.00),(87,'HR',98.00),(88,'HR',36.00),(89,'HD',8.00),(90,'HR',32.00),(91,'HD',43.00),(92,'FD',31.00),(92,'HD',79.00),(93,'HD',26.00),(95,'HR',83.00),(96,'HD',23.00),(97,'HD',9.00),(97,'HR',2.00),(98,'FD',34.00),(99,'HD',63.00),(99,'HR',66.00),(100,'FD',12.00);
/*!40000 ALTER TABLE `SpaceFacilitiesRentalFeeRate` ENABLE KEYS */;
UNLOCK TABLES;

--
-- Table structure for table `SpaceFeedback`
--

DROP TABLE IF EXISTS `SpaceFeedback`;
/*!40101 SET @saved_cs_client     = @@character_set_client */;
/*!50503 SET character_set_client = utf8mb4 */;
CREATE TABLE `SpaceFeedback` (
  `id` int NOT NULL AUTO_INCREMENT,
  `booking_id` int NOT NULL,
  `user_id` int NOT NULL,
  `rating` int NOT NULL,
  `comment` varchar(1000) DEFAULT NULL,
  `created_at` datetime NOT NULL,
  PRIMARY KEY (`id`),
  KEY `booking_id` (`booking_id`),
  KEY `user_id` (`user_id`),
  CONSTRAINT `SpaceFeedback_ibfk_1` FOREIGN KEY (`booking_id`) REFERENCES `SpaceBooking` (`id`) ON DELETE CASCADE,
  CONSTRAINT `SpaceFeedback_ibfk_2` FOREIGN KEY (`user_id`) REFERENCES `User` (`id`),
  CONSTRAINT `SpaceFeedback_chk_1` CHECK ((`rating` between 1 and 5))
) ENGINE=InnoDB AUTO_INCREMENT=101 DEFAULT CHARSET=utf8mb4 COLLATE=utf8mb4_0900_ai_ci;
/*!40101 SET character_set_client = @saved_cs_client */;

--
-- Dumping data for table `SpaceFeedback`
--

LOCK TABLES `SpaceFeedback` WRITE;
/*!40000 ALTER TABLE `SpaceFeedback` DISABLE KEYS */;
INSERT INTO `SpaceFeedback` VALUES (1,73,24,5,'Phasellus sit amet erat. Nulla tempus. Vivamus in felis eu sapien cursus vestibulum. Proin eu mi.','2024-09-14 08:17:20'),(2,26,43,4,'Duis at velit eu est congue elementum. In hac habitasse platea dictumst.','2024-12-17 13:53:23'),(3,43,95,1,'Nam nulla. Integer pede justo, lacinia eget, tincidunt eget, tempus vel, pede. Morbi porttitor lorem id ligula. Suspendisse ornare consequat lectus.','2024-10-09 02:00:12'),(4,95,42,4,'Aliquam sit amet diam in magna bibendum imperdiet. Nullam orci pede, venenatis non, sodales sed, tincidunt eu, felis. Fusce posuere felis sed lacus. Morbi sem mauris, laoreet ut, rhoncus aliquet, pulvinar sed, nisl. Nunc rhoncus dui vel sem. Sed sagittis. Nam congue, risus semper porta volutpat, quam pede lobortis ligula, sit amet eleifend pede libero quis orci. Nullam molestie nibh in lectus. Pellentesque at nulla. Suspendisse potenti.','2025-03-29 07:17:25'),(5,8,48,4,'Duis bibendum, felis sed interdum venenatis, turpis enim blandit mi, in porttitor pede justo eu massa.','2024-09-16 22:53:54'),(6,8,26,5,'Phasellus id sapien in sapien iaculis congue. Vivamus metus arcu, adipiscing molestie, hendrerit at, vulputate vitae, nisl. Aenean lectus. Pellentesque eget nunc. Donec quis orci eget orci vehicula condimentum. Curabitur in libero ut massa volutpat convallis. Morbi odio odio, elementum eu, interdum eu, tincidunt in, leo.','2024-10-30 18:07:50'),(7,59,40,1,'Nulla ut erat id mauris vulputate elementum. Nullam varius.','2024-11-27 09:32:49'),(8,6,6,3,'Proin interdum mauris non ligula pellentesque ultrices. Phasellus id sapien in sapien iaculis congue. Vivamus metus arcu, adipiscing molestie, hendrerit at, vulputate vitae, nisl.','2025-03-25 22:57:54'),(9,54,80,3,'Etiam pretium iaculis justo. In hac habitasse platea dictumst. Etiam faucibus cursus urna. Ut tellus. Nulla ut erat id mauris vulputate elementum. Nullam varius.','2025-08-09 12:42:20'),(10,70,75,5,'In hac habitasse platea dictumst. Etiam faucibus cursus urna. Ut tellus.','2025-06-04 01:31:29'),(11,83,60,3,'Nullam varius. Nulla facilisi. Cras non velit nec nisi vulputate nonummy. Maecenas tincidunt lacus at velit. Vivamus vel nulla eget eros elementum pellentesque. Quisque porta volutpat erat. Quisque erat eros, viverra eget, congue eget, semper rutrum, nulla. Nunc purus. Phasellus in felis. Donec semper sapien a libero.','2025-08-12 17:47:32'),(12,62,45,5,'Curabitur at ipsum ac tellus semper interdum.','2025-08-19 05:04:22'),(13,9,26,1,'Morbi vel lectus in quam fringilla rhoncus. Mauris enim leo, rhoncus sed, vestibulum sit amet, cursus id, turpis. Integer aliquet, massa id lobortis convallis, tortor risus dapibus augue, vel accumsan tellus nisi eu orci. Mauris lacinia sapien quis libero. Nullam sit amet turpis elementum ligula vehicula consequat. Morbi a ipsum. Integer a nibh. In quis justo. Maecenas rhoncus aliquam lacus.','2025-08-17 22:12:15'),(14,10,87,5,'Phasellus id sapien in sapien iaculis congue.','2025-06-30 14:11:12'),(15,97,8,2,'Pellentesque eget nunc. Donec quis orci eget orci vehicula condimentum. Curabitur in libero ut massa volutpat convallis.','2024-10-03 23:56:05'),(16,6,82,1,'Cras non velit nec nisi vulputate nonummy. Maecenas tincidunt lacus at velit. Vivamus vel nulla eget eros elementum pellentesque. Quisque porta volutpat erat.','2024-11-07 18:12:07'),(17,100,10,2,'Pellentesque eget nunc. Donec quis orci eget orci vehicula condimentum. Curabitur in libero ut massa volutpat convallis. Morbi odio odio, elementum eu, interdum eu, tincidunt in, leo. Maecenas pulvinar lobortis est.','2025-06-12 12:04:37'),(18,60,27,3,'Suspendisse potenti. Nullam porttitor lacus at turpis. Donec posuere metus vitae ipsum. Aliquam non mauris. Morbi non lectus. Aliquam sit amet diam in magna bibendum imperdiet.','2024-10-03 08:08:38'),(19,15,97,1,'Nunc nisl. Duis bibendum, felis sed interdum venenatis, turpis enim blandit mi, in porttitor pede justo eu massa. Donec dapibus. Duis at velit eu est congue elementum. In hac habitasse platea dictumst. Morbi vestibulum, velit id pretium iaculis, diam erat fermentum justo, nec condimentum neque sapien placerat ante. Nulla justo.','2025-03-22 13:11:15'),(20,33,87,5,'Aenean sit amet justo. Morbi ut odio. Cras mi pede, malesuada in, imperdiet et, commodo vulputate, justo. In blandit ultrices enim. Lorem ipsum dolor sit amet, consectetuer adipiscing elit. Proin interdum mauris non ligula pellentesque ultrices. Phasellus id sapien in sapien iaculis congue. Vivamus metus arcu, adipiscing molestie, hendrerit at, vulputate vitae, nisl. Aenean lectus. Pellentesque eget nunc.','2025-07-17 06:31:58'),(21,93,59,1,'Phasellus id sapien in sapien iaculis congue. Vivamus metus arcu, adipiscing molestie, hendrerit at, vulputate vitae, nisl. Aenean lectus. Pellentesque eget nunc. Donec quis orci eget orci vehicula condimentum.','2024-12-06 03:03:28'),(22,81,24,1,'Cras pellentesque volutpat dui. Maecenas tristique, est et tempus semper, est quam pharetra magna, ac consequat metus sapien ut nunc. Vestibulum ante ipsum primis in faucibus orci luctus et ultrices posuere cubilia Curae; Mauris viverra diam vitae quam. Suspendisse potenti. Nullam porttitor lacus at turpis. Donec posuere metus vitae ipsum. Aliquam non mauris. Morbi non lectus. Aliquam sit amet diam in magna bibendum imperdiet.','2025-08-08 03:59:58'),(23,27,75,5,'In blandit ultrices enim. Lorem ipsum dolor sit amet, consectetuer adipiscing elit. Proin interdum mauris non ligula pellentesque ultrices.','2025-07-20 01:39:04'),(24,98,32,2,'Morbi odio odio, elementum eu, interdum eu, tincidunt in, leo. Maecenas pulvinar lobortis est. Phasellus sit amet erat.','2025-01-29 02:33:46'),(25,90,13,5,'Cras in purus eu magna vulputate luctus. Cum sociis natoque penatibus et magnis dis parturient montes, nascetur ridiculus mus. Vivamus vestibulum sagittis sapien. Cum sociis natoque penatibus et magnis dis parturient montes, nascetur ridiculus mus. Etiam vel augue. Vestibulum rutrum rutrum neque. Aenean auctor gravida sem. Praesent id massa id nisl venenatis lacinia.','2025-03-05 02:50:46'),(26,69,58,1,'Nulla tempus. Vivamus in felis eu sapien cursus vestibulum. Proin eu mi. Nulla ac enim. In tempor, turpis nec euismod scelerisque, quam turpis adipiscing lorem, vitae mattis nibh ligula nec sem. Duis aliquam convallis nunc. Proin at turpis a pede posuere nonummy. Integer non velit.','2025-08-15 20:41:51'),(27,11,61,1,'Nullam varius. Nulla facilisi. Cras non velit nec nisi vulputate nonummy.','2025-01-13 15:03:51'),(28,99,65,5,'In est risus, auctor sed, tristique in, tempus sit amet, sem. Fusce consequat. Nulla nisl.','2024-10-25 19:37:50'),(29,98,11,5,'Fusce consequat. Nulla nisl.','2025-03-26 07:34:50'),(30,78,84,5,'Vivamus vel nulla eget eros elementum pellentesque. Quisque porta volutpat erat. Quisque erat eros, viverra eget, congue eget, semper rutrum, nulla. Nunc purus. Phasellus in felis. Donec semper sapien a libero.','2025-01-17 08:29:03'),(31,51,24,2,'Curabitur convallis.','2024-11-13 21:09:06'),(32,10,36,2,'Fusce lacus purus, aliquet at, feugiat non, pretium quis, lectus.','2025-05-27 10:28:11'),(33,52,41,5,'Duis mattis egestas metus. Aenean fermentum. Donec ut mauris eget massa tempor convallis. Nulla neque libero, convallis eget, eleifend luctus, ultricies eu, nibh. Quisque id justo sit amet sapien dignissim vestibulum. Vestibulum ante ipsum primis in faucibus orci luctus et ultrices posuere cubilia Curae; Nulla dapibus dolor vel est.','2024-11-05 21:21:19'),(34,9,71,5,'Cum sociis natoque penatibus et magnis dis parturient montes, nascetur ridiculus mus. Vivamus vestibulum sagittis sapien. Cum sociis natoque penatibus et magnis dis parturient montes, nascetur ridiculus mus.','2025-02-26 05:28:52'),(35,74,41,4,'Aenean fermentum. Donec ut mauris eget massa tempor convallis. Nulla neque libero, convallis eget, eleifend luctus, ultricies eu, nibh. Quisque id justo sit amet sapien dignissim vestibulum. Vestibulum ante ipsum primis in faucibus orci luctus et ultrices posuere cubilia Curae; Nulla dapibus dolor vel est. Donec odio justo, sollicitudin ut, suscipit a, feugiat et, eros.','2025-08-21 17:36:40'),(36,63,78,1,'Vestibulum ante ipsum primis in faucibus orci luctus et ultrices posuere cubilia Curae; Duis faucibus accumsan odio. Curabitur convallis. Duis consequat dui nec nisi volutpat eleifend. Donec ut dolor. Morbi vel lectus in quam fringilla rhoncus. Mauris enim leo, rhoncus sed, vestibulum sit amet, cursus id, turpis. Integer aliquet, massa id lobortis convallis, tortor risus dapibus augue, vel accumsan tellus nisi eu orci. Mauris lacinia sapien quis libero.','2024-10-04 07:40:34'),(37,13,45,4,'Proin eu mi. Nulla ac enim. In tempor, turpis nec euismod scelerisque, quam turpis adipiscing lorem, vitae mattis nibh ligula nec sem. Duis aliquam convallis nunc. Proin at turpis a pede posuere nonummy.','2025-01-24 01:54:55'),(38,37,77,5,'Nam nulla. Integer pede justo, lacinia eget, tincidunt eget, tempus vel, pede. Morbi porttitor lorem id ligula. Suspendisse ornare consequat lectus.','2024-11-03 18:24:46'),(39,98,49,3,'Donec quis orci eget orci vehicula condimentum. Curabitur in libero ut massa volutpat convallis. Morbi odio odio, elementum eu, interdum eu, tincidunt in, leo. Maecenas pulvinar lobortis est. Phasellus sit amet erat.','2025-04-09 02:27:16'),(40,49,4,3,'Suspendisse potenti. Cras in purus eu magna vulputate luctus.','2025-03-05 15:54:59'),(41,7,70,2,'Nulla tellus. In sagittis dui vel nisl. Duis ac nibh.','2024-12-31 23:56:57'),(42,92,38,3,'Nullam varius. Nulla facilisi. Cras non velit nec nisi vulputate nonummy. Maecenas tincidunt lacus at velit. Vivamus vel nulla eget eros elementum pellentesque. Quisque porta volutpat erat. Quisque erat eros, viverra eget, congue eget, semper rutrum, nulla. Nunc purus. Phasellus in felis. Donec semper sapien a libero.','2025-07-20 10:33:54'),(43,37,92,4,'Suspendisse potenti. In eleifend quam a odio. In hac habitasse platea dictumst. Maecenas ut massa quis augue luctus tincidunt. Nulla mollis molestie lorem. Quisque ut erat.','2025-02-27 20:48:57'),(44,10,51,3,'Phasellus in felis. Donec semper sapien a libero. Nam dui. Proin leo odio, porttitor id, consequat in, consequat ut, nulla. Sed accumsan felis. Ut at dolor quis odio consequat varius. Integer ac leo. Pellentesque ultrices mattis odio. Donec vitae nisi.','2025-06-11 13:49:35'),(45,91,72,5,'Morbi non lectus. Aliquam sit amet diam in magna bibendum imperdiet. Nullam orci pede, venenatis non, sodales sed, tincidunt eu, felis. Fusce posuere felis sed lacus. Morbi sem mauris, laoreet ut, rhoncus aliquet, pulvinar sed, nisl. Nunc rhoncus dui vel sem. Sed sagittis. Nam congue, risus semper porta volutpat, quam pede lobortis ligula, sit amet eleifend pede libero quis orci. Nullam molestie nibh in lectus.','2025-05-26 17:23:25'),(46,10,71,2,'Vivamus tortor. Duis mattis egestas metus. Aenean fermentum.','2025-08-05 21:40:15'),(47,74,41,3,'Aliquam non mauris. Morbi non lectus. Aliquam sit amet diam in magna bibendum imperdiet. Nullam orci pede, venenatis non, sodales sed, tincidunt eu, felis. Fusce posuere felis sed lacus. Morbi sem mauris, laoreet ut, rhoncus aliquet, pulvinar sed, nisl. Nunc rhoncus dui vel sem. Sed sagittis. Nam congue, risus semper porta volutpat, quam pede lobortis ligula, sit amet eleifend pede libero quis orci.','2025-04-09 13:24:04'),(48,23,69,2,'In quis justo.','2024-10-24 13:27:27'),(49,100,56,2,'Integer ac neque. Duis bibendum. Morbi non quam nec dui luctus rutrum.','2024-09-20 23:40:37'),(50,86,68,5,'Morbi non quam nec dui luctus rutrum. Nulla tellus. In sagittis dui vel nisl. Duis ac nibh. Fusce lacus purus, aliquet at, feugiat non, pretium quis, lectus. Suspendisse potenti. In eleifend quam a odio.','2024-11-02 15:40:19'),(51,93,61,1,'Morbi vestibulum, velit id pretium iaculis, diam erat fermentum justo, nec condimentum neque sapien placerat ante. Nulla justo. Aliquam quis turpis eget elit sodales scelerisque.','2025-01-11 00:59:40'),(52,93,24,3,'Integer ac leo. Pellentesque ultrices mattis odio. Donec vitae nisi. Nam ultrices, libero non mattis pulvinar, nulla pede ullamcorper augue, a suscipit nulla elit ac nulla. Sed vel enim sit amet nunc viverra dapibus. Nulla suscipit ligula in lacus. Curabitur at ipsum ac tellus semper interdum.','2025-03-24 19:30:38'),(53,35,38,2,'Nulla tempus. Vivamus in felis eu sapien cursus vestibulum. Proin eu mi.','2025-05-26 09:37:13'),(54,12,57,3,'Cras non velit nec nisi vulputate nonummy. Maecenas tincidunt lacus at velit. Vivamus vel nulla eget eros elementum pellentesque. Quisque porta volutpat erat. Quisque erat eros, viverra eget, congue eget, semper rutrum, nulla. Nunc purus. Phasellus in felis. Donec semper sapien a libero. Nam dui.','2025-01-08 01:02:03'),(55,59,51,2,'Nullam orci pede, venenatis non, sodales sed, tincidunt eu, felis. Fusce posuere felis sed lacus. Morbi sem mauris, laoreet ut, rhoncus aliquet, pulvinar sed, nisl. Nunc rhoncus dui vel sem. Sed sagittis. Nam congue, risus semper porta volutpat, quam pede lobortis ligula, sit amet eleifend pede libero quis orci. Nullam molestie nibh in lectus. Pellentesque at nulla. Suspendisse potenti.','2025-03-25 18:53:08'),(56,96,33,2,'Proin eu mi. Nulla ac enim. In tempor, turpis nec euismod scelerisque, quam turpis adipiscing lorem, vitae mattis nibh ligula nec sem. Duis aliquam convallis nunc. Proin at turpis a pede posuere nonummy. Integer non velit. Donec diam neque, vestibulum eget, vulputate ut, ultrices vel, augue. Vestibulum ante ipsum primis in faucibus orci luctus et ultrices posuere cubilia Curae; Donec pharetra, magna vestibulum aliquet ultrices, erat tortor sollicitudin mi, sit amet lobortis sapien sapien non mi.','2024-12-19 06:12:35'),(57,44,19,3,'Vestibulum ac est lacinia nisi venenatis tristique. Fusce congue, diam id ornare imperdiet, sapien urna pretium nisl, ut volutpat sapien arcu sed augue. Aliquam erat volutpat. In congue. Etiam justo. Etiam pretium iaculis justo.','2025-07-29 08:30:26'),(58,48,53,5,'Suspendisse potenti. In eleifend quam a odio. In hac habitasse platea dictumst. Maecenas ut massa quis augue luctus tincidunt. Nulla mollis molestie lorem.','2025-05-27 22:18:16'),(59,35,18,3,'Ut tellus.','2024-09-25 06:50:29'),(60,9,24,3,'Nullam molestie nibh in lectus. Pellentesque at nulla. Suspendisse potenti.','2024-10-29 09:16:45'),(61,63,45,4,'In eleifend quam a odio. In hac habitasse platea dictumst. Maecenas ut massa quis augue luctus tincidunt. Nulla mollis molestie lorem.','2024-12-28 07:16:18'),(62,69,72,5,'Nam nulla. Integer pede justo, lacinia eget, tincidunt eget, tempus vel, pede. Morbi porttitor lorem id ligula. Suspendisse ornare consequat lectus. In est risus, auctor sed, tristique in, tempus sit amet, sem. Fusce consequat. Nulla nisl.','2025-07-27 18:13:51'),(63,76,32,3,'In tempor, turpis nec euismod scelerisque, quam turpis adipiscing lorem, vitae mattis nibh ligula nec sem. Duis aliquam convallis nunc. Proin at turpis a pede posuere nonummy. Integer non velit. Donec diam neque, vestibulum eget, vulputate ut, ultrices vel, augue. Vestibulum ante ipsum primis in faucibus orci luctus et ultrices posuere cubilia Curae; Donec pharetra, magna vestibulum aliquet ultrices, erat tortor sollicitudin mi, sit amet lobortis sapien sapien non mi. Integer ac neque.','2025-01-02 02:51:13'),(64,23,9,4,'Ut tellus. Nulla ut erat id mauris vulputate elementum.','2025-01-18 19:41:19'),(65,67,93,2,'Nullam porttitor lacus at turpis. Donec posuere metus vitae ipsum. Aliquam non mauris. Morbi non lectus.','2024-11-18 01:42:06'),(66,91,32,5,'Nulla facilisi. Cras non velit nec nisi vulputate nonummy.','2024-11-26 02:13:22'),(67,65,69,5,'Vestibulum sed magna at nunc commodo placerat.','2025-06-25 02:43:15'),(68,14,64,2,'Vestibulum ante ipsum primis in faucibus orci luctus et ultrices posuere cubilia Curae; Mauris viverra diam vitae quam. Suspendisse potenti. Nullam porttitor lacus at turpis.','2025-04-03 21:20:11'),(69,63,14,2,'Sed accumsan felis. Ut at dolor quis odio consequat varius. Integer ac leo. Pellentesque ultrices mattis odio. Donec vitae nisi. Nam ultrices, libero non mattis pulvinar, nulla pede ullamcorper augue, a suscipit nulla elit ac nulla. Sed vel enim sit amet nunc viverra dapibus. Nulla suscipit ligula in lacus. Curabitur at ipsum ac tellus semper interdum. Mauris ullamcorper purus sit amet nulla.','2025-05-18 18:56:26'),(70,59,34,2,'Pellentesque eget nunc. Donec quis orci eget orci vehicula condimentum. Curabitur in libero ut massa volutpat convallis. Morbi odio odio, elementum eu, interdum eu, tincidunt in, leo. Maecenas pulvinar lobortis est.','2025-07-17 11:40:36'),(71,91,72,3,'Nam ultrices, libero non mattis pulvinar, nulla pede ullamcorper augue, a suscipit nulla elit ac nulla.','2024-09-11 12:12:51'),(72,70,79,3,'Aliquam sit amet diam in magna bibendum imperdiet.','2025-09-01 08:24:17'),(73,33,86,3,'Morbi vel lectus in quam fringilla rhoncus. Mauris enim leo, rhoncus sed, vestibulum sit amet, cursus id, turpis.','2025-03-03 14:58:30'),(74,78,5,2,'Fusce congue, diam id ornare imperdiet, sapien urna pretium nisl, ut volutpat sapien arcu sed augue. Aliquam erat volutpat. In congue. Etiam justo. Etiam pretium iaculis justo. In hac habitasse platea dictumst. Etiam faucibus cursus urna. Ut tellus. Nulla ut erat id mauris vulputate elementum. Nullam varius.','2025-03-31 07:56:21'),(75,40,61,2,'Nam dui. Proin leo odio, porttitor id, consequat in, consequat ut, nulla. Sed accumsan felis. Ut at dolor quis odio consequat varius. Integer ac leo.','2024-11-10 18:42:37'),(76,83,95,5,'Morbi odio odio, elementum eu, interdum eu, tincidunt in, leo. Maecenas pulvinar lobortis est. Phasellus sit amet erat. Nulla tempus.','2025-08-24 11:04:14'),(77,72,63,4,'Aliquam sit amet diam in magna bibendum imperdiet. Nullam orci pede, venenatis non, sodales sed, tincidunt eu, felis. Fusce posuere felis sed lacus. Morbi sem mauris, laoreet ut, rhoncus aliquet, pulvinar sed, nisl. Nunc rhoncus dui vel sem. Sed sagittis. Nam congue, risus semper porta volutpat, quam pede lobortis ligula, sit amet eleifend pede libero quis orci.','2024-11-05 22:23:39'),(78,20,21,3,'Donec quis orci eget orci vehicula condimentum. Curabitur in libero ut massa volutpat convallis. Morbi odio odio, elementum eu, interdum eu, tincidunt in, leo. Maecenas pulvinar lobortis est. Phasellus sit amet erat. Nulla tempus. Vivamus in felis eu sapien cursus vestibulum.','2025-07-22 09:40:22'),(79,89,12,2,'Proin interdum mauris non ligula pellentesque ultrices. Phasellus id sapien in sapien iaculis congue. Vivamus metus arcu, adipiscing molestie, hendrerit at, vulputate vitae, nisl.','2024-09-23 15:45:12'),(80,80,20,3,'Donec vitae nisi. Nam ultrices, libero non mattis pulvinar, nulla pede ullamcorper augue, a suscipit nulla elit ac nulla. Sed vel enim sit amet nunc viverra dapibus. Nulla suscipit ligula in lacus. Curabitur at ipsum ac tellus semper interdum. Mauris ullamcorper purus sit amet nulla. Quisque arcu libero, rutrum ac, lobortis vel, dapibus at, diam.','2025-08-14 03:57:36'),(81,84,5,4,'Pellentesque eget nunc. Donec quis orci eget orci vehicula condimentum. Curabitur in libero ut massa volutpat convallis. Morbi odio odio, elementum eu, interdum eu, tincidunt in, leo. Maecenas pulvinar lobortis est. Phasellus sit amet erat. Nulla tempus.','2024-10-11 05:53:06'),(82,76,74,1,'Duis ac nibh. Fusce lacus purus, aliquet at, feugiat non, pretium quis, lectus. Suspendisse potenti. In eleifend quam a odio. In hac habitasse platea dictumst.','2025-06-24 17:47:11'),(83,87,21,3,'Vivamus vestibulum sagittis sapien. Cum sociis natoque penatibus et magnis dis parturient montes, nascetur ridiculus mus. Etiam vel augue.','2025-04-04 02:47:58'),(84,23,55,4,'Nam congue, risus semper porta volutpat, quam pede lobortis ligula, sit amet eleifend pede libero quis orci. Nullam molestie nibh in lectus. Pellentesque at nulla. Suspendisse potenti.','2025-06-30 20:31:58'),(85,46,5,4,'Nulla nisl. Nunc nisl. Duis bibendum, felis sed interdum venenatis, turpis enim blandit mi, in porttitor pede justo eu massa. Donec dapibus. Duis at velit eu est congue elementum.','2025-06-20 17:07:42'),(86,86,47,5,'Praesent blandit. Nam nulla. Integer pede justo, lacinia eget, tincidunt eget, tempus vel, pede. Morbi porttitor lorem id ligula. Suspendisse ornare consequat lectus. In est risus, auctor sed, tristique in, tempus sit amet, sem. Fusce consequat. Nulla nisl. Nunc nisl.','2025-07-06 20:37:38'),(87,15,92,4,'Morbi sem mauris, laoreet ut, rhoncus aliquet, pulvinar sed, nisl. Nunc rhoncus dui vel sem. Sed sagittis. Nam congue, risus semper porta volutpat, quam pede lobortis ligula, sit amet eleifend pede libero quis orci. Nullam molestie nibh in lectus.','2025-05-27 11:48:29'),(88,85,61,2,'Suspendisse accumsan tortor quis turpis. Sed ante. Vivamus tortor. Duis mattis egestas metus. Aenean fermentum. Donec ut mauris eget massa tempor convallis.','2024-11-08 05:18:52'),(89,84,15,5,'Nam nulla. Integer pede justo, lacinia eget, tincidunt eget, tempus vel, pede. Morbi porttitor lorem id ligula. Suspendisse ornare consequat lectus. In est risus, auctor sed, tristique in, tempus sit amet, sem. Fusce consequat. Nulla nisl.','2024-09-11 20:36:28'),(90,74,95,5,'Aliquam erat volutpat. In congue. Etiam justo. Etiam pretium iaculis justo. In hac habitasse platea dictumst.','2024-11-06 22:37:41'),(91,25,98,2,'Sed accumsan felis.','2024-09-26 17:38:42'),(92,87,100,3,'Vivamus vel nulla eget eros elementum pellentesque. Quisque porta volutpat erat. Quisque erat eros, viverra eget, congue eget, semper rutrum, nulla. Nunc purus. Phasellus in felis. Donec semper sapien a libero. Nam dui. Proin leo odio, porttitor id, consequat in, consequat ut, nulla. Sed accumsan felis. Ut at dolor quis odio consequat varius.','2024-11-25 17:01:59'),(93,2,72,1,'Morbi porttitor lorem id ligula. Suspendisse ornare consequat lectus. In est risus, auctor sed, tristique in, tempus sit amet, sem. Fusce consequat.','2025-01-17 11:27:44'),(94,11,69,5,'Morbi non quam nec dui luctus rutrum. Nulla tellus. In sagittis dui vel nisl. Duis ac nibh. Fusce lacus purus, aliquet at, feugiat non, pretium quis, lectus. Suspendisse potenti. In eleifend quam a odio. In hac habitasse platea dictumst. Maecenas ut massa quis augue luctus tincidunt.','2025-03-15 13:23:26'),(95,57,36,1,'Cum sociis natoque penatibus et magnis dis parturient montes, nascetur ridiculus mus. Vivamus vestibulum sagittis sapien.','2025-03-31 20:46:09'),(96,55,47,3,'Integer tincidunt ante vel ipsum. Praesent blandit lacinia erat. Vestibulum sed magna at nunc commodo placerat.','2024-12-31 04:25:48'),(97,36,59,1,'Vivamus vestibulum sagittis sapien. Cum sociis natoque penatibus et magnis dis parturient montes, nascetur ridiculus mus. Etiam vel augue. Vestibulum rutrum rutrum neque.','2024-10-08 05:18:39'),(98,94,14,1,'Duis bibendum, felis sed interdum venenatis, turpis enim blandit mi, in porttitor pede justo eu massa. Donec dapibus. Duis at velit eu est congue elementum. In hac habitasse platea dictumst.','2024-12-28 17:54:30'),(99,37,66,3,'Donec diam neque, vestibulum eget, vulputate ut, ultrices vel, augue. Vestibulum ante ipsum primis in faucibus orci luctus et ultrices posuere cubilia Curae; Donec pharetra, magna vestibulum aliquet ultrices, erat tortor sollicitudin mi, sit amet lobortis sapien sapien non mi. Integer ac neque. Duis bibendum. Morbi non quam nec dui luctus rutrum. Nulla tellus. In sagittis dui vel nisl.','2024-10-22 23:48:33'),(100,81,85,5,'Nulla neque libero, convallis eget, eleifend luctus, ultricies eu, nibh. Quisque id justo sit amet sapien dignissim vestibulum.','2025-03-27 23:38:41');
/*!40000 ALTER TABLE `SpaceFeedback` ENABLE KEYS */;
UNLOCK TABLES;

--
-- Table structure for table `SpaceOwner`
--

DROP TABLE IF EXISTS `SpaceOwner`;
/*!40101 SET @saved_cs_client     = @@character_set_client */;
/*!50503 SET character_set_client = utf8mb4 */;
CREATE TABLE `SpaceOwner` (
  `user_id` int NOT NULL,
  `space_id` int NOT NULL,
  `role` varchar(50) NOT NULL,
  PRIMARY KEY (`user_id`,`space_id`),
  KEY `space_id` (`space_id`),
  CONSTRAINT `SpaceOwner_ibfk_1` FOREIGN KEY (`user_id`) REFERENCES `User` (`id`) ON DELETE CASCADE,
  CONSTRAINT `SpaceOwner_ibfk_2` FOREIGN KEY (`space_id`) REFERENCES `Space` (`id`) ON DELETE CASCADE
) ENGINE=InnoDB DEFAULT CHARSET=utf8mb4 COLLATE=utf8mb4_0900_ai_ci;
/*!40101 SET character_set_client = @saved_cs_client */;

--
-- Dumping data for table `SpaceOwner`
--

LOCK TABLES `SpaceOwner` WRITE;
/*!40000 ALTER TABLE `SpaceOwner` DISABLE KEYS */;
INSERT INTO `SpaceOwner` VALUES (4,87,'co_admin'),(5,48,'primary_owner'),(5,49,'primary_owner'),(5,59,'co_admin'),(7,50,'primary_owner'),(7,60,'co_admin'),(7,86,'primary_owner'),(9,16,'co_admin'),(11,94,'primary_owner'),(13,2,'primary_owner'),(14,13,'primary_owner'),(14,91,'co_admin'),(15,33,'primary_owner'),(15,69,'co_admin'),(15,80,'co_admin'),(17,19,'co_admin'),(17,49,'co_admin'),(19,73,'primary_owner'),(19,79,'co_admin'),(20,48,'primary_owner'),(20,76,'primary_owner'),(21,4,'co_admin'),(21,86,'co_admin'),(22,27,'co_admin'),(23,53,'co_admin'),(24,6,'primary_owner'),(24,90,'co_admin'),(25,3,'primary_owner'),(25,17,'co_admin'),(25,46,'primary_owner'),(26,21,'co_admin'),(26,77,'primary_owner'),(27,13,'co_admin'),(29,8,'co_admin'),(29,70,'co_admin'),(30,57,'co_admin'),(30,84,'primary_owner'),(31,27,'primary_owner'),(31,51,'primary_owner'),(32,77,'primary_owner'),(34,77,'co_admin'),(35,16,'primary_owner'),(36,18,'co_admin'),(36,84,'co_admin'),(38,72,'co_admin'),(39,6,'primary_owner'),(39,84,'primary_owner'),(39,93,'co_admin'),(40,7,'primary_owner'),(40,17,'co_admin'),(40,51,'co_admin'),(40,96,'primary_owner'),(41,3,'co_admin'),(41,72,'primary_owner'),(42,2,'co_admin'),(42,87,'primary_owner'),(45,31,'primary_owner'),(46,55,'primary_owner'),(46,61,'primary_owner'),(46,81,'primary_owner'),(47,89,'co_admin'),(48,15,'co_admin'),(48,55,'co_admin'),(48,79,'primary_owner'),(49,25,'co_admin'),(49,46,'primary_owner'),(50,91,'co_admin'),(51,77,'co_admin'),(52,42,'co_admin'),(53,74,'co_admin'),(56,33,'co_admin'),(60,97,'co_admin'),(62,69,'co_admin'),(63,51,'co_admin'),(64,28,'primary_owner'),(64,40,'primary_owner'),(65,37,'primary_owner'),(66,33,'co_admin'),(68,25,'co_admin'),(68,93,'co_admin'),(69,31,'primary_owner'),(71,55,'primary_owner'),(71,98,'co_admin'),(75,2,'primary_owner'),(75,15,'co_admin'),(75,51,'primary_owner'),(78,27,'primary_owner'),(79,32,'primary_owner'),(80,26,'primary_owner'),(80,44,'primary_owner'),(81,68,'primary_owner'),(82,67,'primary_owner'),(84,32,'primary_owner'),(88,87,'primary_owner'),(93,40,'co_admin'),(94,2,'primary_owner'),(98,13,'co_admin'),(98,94,'primary_owner'),(99,45,'primary_owner'),(99,52,'primary_owner');
/*!40000 ALTER TABLE `SpaceOwner` ENABLE KEYS */;
UNLOCK TABLES;

--
-- Table structure for table `SpaceRentalFeeRate`
--

DROP TABLE IF EXISTS `SpaceRentalFeeRate`;
/*!40101 SET @saved_cs_client     = @@character_set_client */;
/*!50503 SET character_set_client = utf8mb4 */;
CREATE TABLE `SpaceRentalFeeRate` (
  `space_id` int NOT NULL,
  `rate_code` varchar(10) NOT NULL,
  `rate` decimal(10,2) NOT NULL,
  PRIMARY KEY (`space_id`,`rate_code`),
  KEY `rate_code` (`rate_code`),
  CONSTRAINT `SpaceRentalFeeRate_ibfk_1` FOREIGN KEY (`space_id`) REFERENCES `Space` (`id`) ON DELETE CASCADE,
  CONSTRAINT `SpaceRentalFeeRate_ibfk_2` FOREIGN KEY (`rate_code`) REFERENCES `RentalRateType` (`code`) ON DELETE CASCADE
) ENGINE=InnoDB DEFAULT CHARSET=utf8mb4 COLLATE=utf8mb4_0900_ai_ci;
/*!40101 SET character_set_client = @saved_cs_client */;

--
-- Dumping data for table `SpaceRentalFeeRate`
--

LOCK TABLES `SpaceRentalFeeRate` WRITE;
/*!40000 ALTER TABLE `SpaceRentalFeeRate` DISABLE KEYS */;
INSERT INTO `SpaceRentalFeeRate` VALUES (1,'HD',50.00),(4,'FD',100.00),(7,'HD',200.00),(8,'FD',10.00),(8,'HD',50.00),(8,'HR',100.00),(9,'HR',200.00),(10,'HR',10.00),(11,'HD',50.00),(12,'FD',100.00),(12,'HR',200.00),(13,'HD',10.00),(13,'HR',50.00),(14,'HD',100.00),(15,'FD',200.00),(15,'HR',10.00),(20,'FD',50.00),(23,'HD',100.00),(24,'FD',200.00),(24,'HD',10.00),(25,'HR',50.00),(26,'HD',100.00),(29,'HD',200.00),(29,'HR',10.00),(30,'HD',50.00),(32,'FD',100.00),(32,'HD',200.00),(33,'HD',10.00),(33,'HR',50.00),(34,'HD',100.00),(34,'HR',200.00),(35,'FD',10.00),(35,'HR',50.00),(37,'FD',100.00),(37,'HD',200.00),(37,'HR',10.00),(38,'FD',50.00),(38,'HD',100.00),(38,'HR',200.00),(39,'FD',10.00),(40,'HD',50.00),(41,'FD',100.00),(41,'HR',200.00),(42,'FD',10.00),(43,'FD',50.00),(45,'FD',100.00),(45,'HD',200.00),(46,'HR',10.00),(47,'HR',50.00),(48,'HR',100.00),(49,'FD',200.00),(51,'HD',10.00),(53,'HD',50.00),(53,'HR',100.00),(54,'HR',200.00),(55,'HD',10.00),(55,'HR',50.00),(56,'HD',100.00),(58,'FD',200.00),(60,'FD',10.00),(60,'HR',50.00),(61,'HR',100.00),(62,'HD',200.00),(63,'HR',10.00),(64,'FD',50.00),(65,'HR',100.00),(67,'HD',200.00),(68,'FD',10.00),(68,'HR',50.00),(69,'HR',100.00),(70,'FD',200.00),(70,'HD',10.00),(72,'HR',50.00),(74,'HR',100.00),(76,'FD',200.00),(77,'HR',10.00),(78,'HR',50.00),(79,'FD',100.00),(80,'HR',200.00),(82,'HR',10.00),(84,'FD',50.00),(84,'HD',100.00),(84,'HR',200.00),(85,'HD',10.00),(87,'FD',50.00),(87,'HD',100.00),(88,'FD',200.00),(89,'HR',10.00),(91,'FD',50.00),(92,'FD',100.00),(92,'HR',200.00),(93,'FD',10.00),(94,'HD',50.00),(95,'HD',100.00),(95,'HR',200.00),(96,'FD',10.00),(96,'HR',50.00),(97,'FD',100.00),(97,'HR',200.00),(99,'HD',10.00);
/*!40000 ALTER TABLE `SpaceRentalFeeRate` ENABLE KEYS */;
UNLOCK TABLES;

--
-- Table structure for table `User`
--

DROP TABLE IF EXISTS `User`;
/*!40101 SET @saved_cs_client     = @@character_set_client */;
/*!50503 SET character_set_client = utf8mb4 */;
CREATE TABLE `User` (
  `id` int NOT NULL AUTO_INCREMENT,
  `name` varchar(255) NOT NULL,
  `email` varchar(255) NOT NULL,
  `account_type` varchar(50) NOT NULL,
  `created_at` datetime NOT NULL,
  PRIMARY KEY (`id`),
  UNIQUE KEY `email` (`email`)
) ENGINE=InnoDB AUTO_INCREMENT=101 DEFAULT CHARSET=utf8mb4 COLLATE=utf8mb4_0900_ai_ci;
/*!40101 SET character_set_client = @saved_cs_client */;

--
-- Dumping data for table `User`
--

LOCK TABLES `User` WRITE;
/*!40000 ALTER TABLE `User` DISABLE KEYS */;
INSERT INTO `User` VALUES (1,'Gonzalo Zuker','gzuker0@blogs.com','owner','2025-04-20 22:30:27'),(2,'Corabella Stickells','cstickells1@tumblr.com','admin','2025-05-27 01:51:51'),(3,'Carmita Loche','cloche2@abc.net.au','customer','2024-07-16 23:41:58'),(4,'Geralda Ardron','gardron3@independent.co.uk','customer','2024-11-19 04:51:10'),(5,'Elaine Trahmel','etrahmel4@photobucket.com','admin','2025-05-28 02:39:03'),(6,'Tedman Suerz','tsuerz5@uol.com.br','owner','2024-01-20 16:49:30'),(7,'Frederique Cheetam','fcheetam6@rambler.ru','admin','2024-12-12 16:37:54'),(8,'Salmon Strettle','sstrettle7@google.co.jp','admin','2023-11-17 08:55:53'),(9,'Carlye Penylton','cpenylton8@hibu.com','admin','2025-05-11 04:36:52'),(10,'Fanechka Francello','ffrancello9@pbs.org','admin','2024-10-11 00:34:41'),(11,'Brocky Formigli','bformiglia@paginegialle.it','owner','2025-01-08 00:14:31'),(12,'Pernell Pollastrone','ppollastroneb@hhs.gov','owner','2024-01-18 05:06:42'),(13,'Thorsten Whitwood','twhitwoodc@telegraph.co.uk','admin','2024-12-03 06:53:36'),(14,'Giorgia Gerlack','ggerlackd@phoca.cz','owner','2024-03-17 16:47:22'),(15,'Myrtle Barrar','mbarrare@ox.ac.uk','admin','2024-09-23 04:09:55'),(16,'Stearn Tuftin','stuftinf@jimdo.com','customer','2025-08-29 04:04:35'),(17,'Claiborn Cullen','cculleng@sfgate.com','customer','2025-03-14 19:33:48'),(18,'Fredi Petrecz','fpetreczh@opensource.org','admin','2023-12-08 04:50:42'),(19,'Savina Girod','sgirodi@macromedia.com','owner','2024-08-28 19:04:12'),(20,'Kaylyn Wanjek','kwanjekj@epa.gov','admin','2025-07-23 16:24:51'),(21,'Greta Plitz','gplitzk@hhs.gov','customer','2024-07-06 16:40:16'),(22,'Feodor Venediktov','fvenediktovl@nsw.gov.au','admin','2024-08-20 05:22:35'),(23,'Raina McCulloch','rmccullochm@ow.ly','admin','2024-04-19 03:49:53'),(24,'Angus Lumley','alumleyn@vkontakte.ru','customer','2023-11-06 22:08:53'),(25,'Douglass Terzo','dterzoo@scientificamerican.com','owner','2024-10-05 04:09:24'),(26,'Danya Bridgens','dbridgensp@tmall.com','customer','2024-10-12 04:57:54'),(27,'Klement Lewton','klewtonq@goo.ne.jp','customer','2024-11-01 07:41:06'),(28,'Alanna Beams','abeamsr@drupal.org','customer','2023-11-20 23:54:35'),(29,'Winnie Dowber','wdowbers@opera.com','admin','2024-04-29 09:35:53'),(30,'Scotti Gallamore','sgallamoret@facebook.com','customer','2024-02-12 15:27:32'),(31,'Jonathan Schriren','jschrirenu@wordpress.org','admin','2025-05-16 11:14:43'),(32,'Ira Overland','ioverlandv@prweb.com','admin','2024-07-05 02:51:56'),(33,'Burtie Dirand','bdirandw@stumbleupon.com','admin','2024-06-02 08:09:45'),(34,'Locke Rackstraw','lrackstrawx@oracle.com','admin','2025-05-29 06:56:38'),(35,'Fawn Dallosso','fdallossoy@si.edu','admin','2023-09-05 09:36:57'),(36,'Erminie Tretter','etretterz@ucsd.edu','customer','2023-11-17 00:03:40'),(37,'Laetitia Domenc','ldomenc10@123-reg.co.uk','admin','2024-10-29 05:49:56'),(38,'Delmor Porrett','dporrett11@com.com','owner','2025-01-14 20:17:32'),(39,'Perren Rodliff','prodliff12@gravatar.com','owner','2025-02-06 05:20:05'),(40,'Hale Pocklington','hpocklington13@mit.edu','admin','2025-02-18 17:37:34'),(41,'Idell Klausen','iklausen14@nydailynews.com','admin','2025-08-28 02:58:03'),(42,'Rawley McNay','rmcnay15@ovh.net','customer','2024-07-17 14:58:58'),(43,'Alison Mayler','amayler16@edublogs.org','admin','2023-09-26 13:12:24'),(44,'Shelley Cannell','scannell17@feedburner.com','admin','2025-04-28 14:06:20'),(45,'Britteny Brotherheed','bbrotherheed18@usda.gov','admin','2024-05-23 19:22:22'),(46,'Salomo Lacheze','slacheze19@loc.gov','customer','2025-01-27 14:21:45'),(47,'Marion Stanbrooke','mstanbrooke1a@vkontakte.ru','admin','2024-05-24 07:38:33'),(48,'Merl Absolon','mabsolon1b@exblog.jp','owner','2024-06-10 10:44:11'),(49,'Arron Ware','aware1c@123-reg.co.uk','owner','2024-12-12 12:52:57'),(50,'Carlin Easom','ceasom1d@sbwire.com','owner','2023-12-27 03:35:47'),(51,'Merrel Melmeth','mmelmeth1e@constantcontact.com','admin','2025-07-01 13:49:16'),(52,'Korrie Rummings','krummings1f@unicef.org','admin','2024-05-16 00:51:37'),(53,'Monty Arnaudet','marnaudet1g@upenn.edu','admin','2024-07-30 16:04:03'),(54,'Daffi Gillott','dgillott1h@amazon.co.uk','owner','2024-04-28 01:42:45'),(55,'Emmalyn Attridge','eattridge1i@woothemes.com','admin','2023-09-01 12:57:24'),(56,'Isahella Starten','istarten1j@harvard.edu','owner','2024-06-06 05:29:42'),(57,'Salomi Raleston','sraleston1k@example.com','admin','2025-06-23 17:46:49'),(58,'Tonie Schettini','tschettini1l@springer.com','customer','2024-05-28 17:38:15'),(59,'Ignacio Aldus','ialdus1m@paypal.com','admin','2023-11-06 00:45:47'),(60,'Hugo Blune','hblune1n@earthlink.net','admin','2023-10-09 09:41:25'),(61,'Vevay Gammack','vgammack1o@unicef.org','admin','2024-03-26 10:43:47'),(62,'Zandra Fuggle','zfuggle1p@umich.edu','owner','2024-04-26 08:17:04'),(63,'Daniela MacCosto','dmaccosto1q@unesco.org','customer','2024-03-07 02:23:05'),(64,'Phylis Broadberry','pbroadberry1r@telegraph.co.uk','owner','2023-11-17 10:58:17'),(65,'Hersh Blucher','hblucher1s@irs.gov','owner','2024-08-15 09:52:29'),(66,'Ryan Surgison','rsurgison1t@google.es','admin','2024-08-09 17:40:40'),(67,'Brantley Murrigan','bmurrigan1u@godaddy.com','owner','2024-11-14 01:39:41'),(68,'Any Cossentine','acossentine1v@woothemes.com','admin','2023-10-26 07:18:17'),(69,'Phillip Andreaccio','pandreaccio1w@techcrunch.com','owner','2025-07-23 22:34:41'),(70,'Traci Flahive','tflahive1x@youku.com','admin','2023-10-31 03:24:11'),(71,'Nate Dorber','ndorber1y@ox.ac.uk','admin','2024-02-17 03:36:31'),(72,'Kerwinn Beacroft','kbeacroft1z@dailymail.co.uk','customer','2025-07-17 13:45:26'),(73,'Kelbee McVitie','kmcvitie20@nhs.uk','customer','2023-11-30 17:01:56'),(74,'Kaia Coltart','kcoltart21@eventbrite.com','owner','2024-09-02 05:54:15'),(75,'Modesta Joderli','mjoderli22@newyorker.com','owner','2025-04-08 20:31:57'),(76,'Danice Tappington','dtappington23@dot.gov','customer','2024-06-21 12:56:53'),(77,'Jonis Ewart','jewart24@indiatimes.com','customer','2023-12-09 03:45:13'),(78,'Johny Yeardsley','jyeardsley25@bluehost.com','owner','2025-04-03 22:44:05'),(79,'Oralla Edleston','oedleston26@walmart.com','owner','2023-09-24 09:21:42'),(80,'Claudetta Bountiff','cbountiff27@nba.com','owner','2025-04-19 07:58:56'),(81,'Bunnie Stockings','bstockings28@google.nl','owner','2023-09-29 16:31:32'),(82,'Chrystal Pardon','cpardon29@bbb.org','customer','2023-10-23 02:57:57'),(83,'Tabbi Mawman','tmawman2a@pbs.org','admin','2025-06-22 20:59:22'),(84,'Myra Gamlyn','mgamlyn2b@tinypic.com','owner','2023-12-08 07:10:18'),(85,'Sutton Mabone','smabone2c@statcounter.com','customer','2024-09-25 23:04:13'),(86,'Price Kearn','pkearn2d@freewebs.com','owner','2024-07-04 03:28:10'),(87,'Riane Greenin','rgreenin2e@princeton.edu','admin','2024-05-11 17:00:02'),(88,'Barbe Bockh','bbockh2f@bigcartel.com','owner','2023-12-08 06:46:17'),(89,'Raul Simonian','rsimonian2g@shutterfly.com','owner','2024-11-24 06:28:20'),(90,'Jilleen Dovington','jdovington2h@skyrock.com','admin','2024-11-19 06:46:45'),(91,'Karney Gianninotti','kgianninotti2i@list-manage.com','admin','2025-01-31 16:49:26'),(92,'Ham Sheather','hsheather2j@ezinearticles.com','owner','2024-09-06 00:05:08'),(93,'Sydney Glantz','sglantz2k@jiathis.com','owner','2024-12-28 13:20:10'),(94,'Lyndsay Pencost','lpencost2l@facebook.com','customer','2023-12-25 16:58:42'),(95,'Tristam Yosselevitch','tyosselevitch2m@goo.ne.jp','customer','2025-08-31 02:56:31'),(96,'Leigha Lumb','llumb2n@woothemes.com','owner','2024-05-16 03:21:02'),(97,'Justinn Baudesson','jbaudesson2o@cbsnews.com','admin','2025-06-23 19:53:29'),(98,'Frederica Goreway','fgoreway2p@hexun.com','admin','2024-09-13 15:23:53'),(99,'Elias Lissenden','elissenden2q@ed.gov','admin','2024-04-20 17:56:56'),(100,'Daniela Gingedale','dgingedale2r@mysql.com','admin','2025-05-30 09:07:07');
/*!40000 ALTER TABLE `User` ENABLE KEYS */;
UNLOCK TABLES;

--
-- Table structure for table `UserLocation`
--

DROP TABLE IF EXISTS `UserLocation`;
/*!40101 SET @saved_cs_client     = @@character_set_client */;
/*!50503 SET character_set_client = utf8mb4 */;
CREATE TABLE `UserLocation` (
  `id` int NOT NULL AUTO_INCREMENT,
  `user_id` int NOT NULL,
  `name` varchar(256) NOT NULL,
  `location` varchar(1024) NOT NULL,
  `latitude` float NOT NULL,
  `longitude` float NOT NULL,
  PRIMARY KEY (`id`),
  KEY `fk_userlocation_user` (`user_id`),
  CONSTRAINT `fk_userlocation_user` FOREIGN KEY (`user_id`) REFERENCES `User` (`id`)
) ENGINE=InnoDB AUTO_INCREMENT=101 DEFAULT CHARSET=utf8mb4 COLLATE=utf8mb4_0900_ai_ci;
/*!40101 SET character_set_client = @saved_cs_client */;

--
-- Dumping data for table `UserLocation`
--

LOCK TABLES `UserLocation` WRITE;
/*!40000 ALTER TABLE `UserLocation` DISABLE KEYS */;
INSERT INTO `UserLocation` VALUES (1,39,'Teklist','3869 Dwight Alley',41.7721,-72.7038),(2,9,'Babbleset','23 Norway Maple Road',-19.5366,-40.6258),(3,90,'Blognation','3 Monument Avenue',26.6761,31.4946),(4,36,'Vidoo','62 Cardinal Hill',50.7481,20.254),(5,51,'Flipstorm','762 Grasskamp Court',29.2896,120.242),(6,100,'Vipe','413 Hansons Pass',-7.25101,106.96),(7,77,'Avavee','157 Merrick Drive',23.156,112.897),(8,44,'Zooxo','47149 Tomscot Way',-7.07285,112.906),(9,7,'Quaxo','96 Straubel Parkway',39.6721,-84.096),(10,11,'Dabvine','63470 Oxford Point',10.3765,106.344),(11,78,'Rhybox','6 Carey Plaza',15.5654,120.615),(12,72,'Devbug','34 Darwin Plaza',-14.1255,-69.9662),(13,18,'Gabvine','2 Springview Terrace',40.6097,120.756),(14,55,'Tanoodle','06703 Ilene Place',29.2609,109.736),(15,14,'Aimbo','8 Killdeer Hill',12.603,37.4521),(16,16,'Skiptube','46 Corben Hill',39.1714,-86.5186),(17,5,'Avamm','7394 Sommers Crossing',14.6928,121.11),(18,33,'Shufflester','5 7th Drive',44.7604,127.083),(19,81,'Izio','22 Northfield Crossing',26.0799,-80.298),(20,50,'Wikido','66665 Judy Plaza',14.9331,-23.5133),(21,57,'Skimia','6 South Pass',-1.9,115.3),(22,79,'Skyba','389 Clyde Gallagher Pass',39.9301,116.373),(23,40,'Yakidoo','1519 Huxley Crossing',39.1096,117.223),(24,87,'Jabbersphere','85 Nevada Place',36.3954,36.6889),(25,85,'Oyoyo','727 Canary Court',53.3624,55.9381),(26,18,'JumpXS','84228 Pond Lane',-6.6572,106.706),(27,13,'Yodoo','381 Springview Alley',40.6503,-73.9299),(28,30,'Mydo','7 Rigney Parkway',55.6649,12.5505),(29,92,'Twiyo','0 Hooker Place',-10.0663,38.9277),(30,29,'Trupe','09531 International Circle',-38.0431,145.298),(31,75,'Photofeed','6 Monterey Crossing',38.9079,-77.0717),(32,71,'Skaboo','85 Brickson Park Pass',49.1409,14.346),(33,34,'Nlounge','945 Lotheville Alley',32.9381,119.597),(34,7,'Chatterbridge','2 Parkside Drive',-19.5548,-44.0872),(35,82,'Centidel','1 Huxley Junction',-11.9007,-40.7564),(36,33,'Kwilith','62 Boyd Parkway',-7.06482,110.043),(37,91,'Twitterbeat','9270 Independence Point',34.6167,109.248),(38,14,'Photolist','48 American Lane',41.6504,59.9164),(39,88,'Jaxnation','43096 Calypso Crossing',53.5568,8.59295),(40,72,'Voolith','1 Cordelia Pass',23.4396,116.133),(41,99,'Edgeclub','64 Vidon Plaza',7.83536,4.92211),(42,44,'Jabbertype','30 Saint Paul Court',7.92477,98.3228),(43,96,'Wordware','9 Messerschmidt Plaza',42.0786,126.909),(44,38,'Voonder','1 Forster Park',38.8884,45.0304),(45,5,'Divape','99 Huxley Alley',7.02284,121.92),(46,65,'Yodo','90140 Dakota Hill',34.6533,135.512),(47,24,'Pixoboo','8720 Clyde Gallagher Lane',32.4246,35.3645),(48,70,'Gevee','86 Fulton Road',35.9371,116.47),(49,53,'Thoughtsphere','91567 Victoria Drive',-34.6505,-58.5613),(50,89,'Edgeify','148 Hollow Ridge Hill',40.4234,-8.73972),(51,31,'Kwimbee','796 Mosinee Street',12.6679,123.988),(52,2,'Feedfish','043 Meadow Vale Way',-20.2191,57.7502),(53,40,'Livetube','17 Jackson Parkway',52.9851,58.1243),(54,38,'Centizu','80480 Farwell Junction',22.1565,-100.986),(55,70,'Yabox','69977 Spohn Terrace',28.851,85.2975),(56,10,'Skinix','4246 Grim Street',30.4052,103.798),(57,74,'Yakidoo','5479 Butterfield Place',41.8057,123.431),(58,86,'Jabbercube','8 Boyd Circle',-6.79743,111.168),(59,75,'Chatterpoint','651 Buena Vista Hill',42.5467,129.01),(60,80,'Photospace','59919 Sherman Circle',50.2421,22.4675),(61,87,'Buzzbean','6 Mosinee Hill',26.6954,101.842),(62,65,'Youspan','5265 Dryden Way',47.3168,47.3787),(63,47,'Zoonoodle','440 Pennsylvania Terrace',-24.267,-52.7242),(64,18,'Yata','73117 Hoepker Point',1.12908,121.406),(65,19,'Zoozzy','04356 Kensington Trail',28.4234,109.006),(66,38,'Viva','3 Buena Vista Alley',24.274,98.9604),(67,30,'Twitterbeat','483 Lakewood Gardens Avenue',28.2338,103.641),(68,60,'Trudeo','19886 Sutherland Parkway',22.9283,113.207),(69,25,'Linkbridge','14799 Clemons Plaza',35.6628,140.165),(70,28,'Mynte','76078 Dahle Pass',57.4695,-3.12694),(71,99,'Realcube','401 5th Place',47.7521,142.062),(72,57,'Babbleset','87182 Pond Junction',6.83493,158.299),(73,93,'Innojam','98 Lake View Circle',41.9852,122.837),(74,60,'Voomm','615 Mandrake Center',5.55459,-73.8651),(75,32,'Latz','67772 Sundown Junction',55.8183,37.3478),(76,84,'Ailane','396 High Crossing Avenue',15.8785,120.319),(77,21,'Realcube','2 Hovde Hill',8.67919,124.972),(78,78,'Livefish','7131 Spaight Place',31.5977,118.453),(79,68,'Innojam','612 Vera Avenue',32.8279,13.3818),(80,32,'Innojam','282 Laurel Pass',46.405,15.7947),(81,82,'Thoughtsphere','1 Artisan Lane',18.9337,-70.4047),(82,29,'Skajo','8 Doe Crossing Pass',-6.70475,111.128),(83,25,'Twimm','082 Dawn Plaza',-8.55751,116.127),(84,44,'Zoonoodle','830 Trailsway Parkway',57.6902,11.907),(85,66,'Livetube','9917 Hansons Junction',-13.9792,-71.4166),(86,13,'Kwilith','7 Rockefeller Plaza',23.0756,109.6),(87,56,'Nlounge','16341 Mendota Pass',60.2738,47.0693),(88,89,'Roombo','3081 Sage Way',60.1129,22.9535),(89,16,'Realcube','3 Utah Plaza',40.0911,44.3908),(90,2,'Flashspan','0383 Farragut Park',43.8563,18.4131),(91,45,'Gigabox','2759 Eastwood Way',42.7997,27.2454),(92,54,'Photobug','722 Badeau Junction',58.805,17.1339),(93,46,'Rhyzio','1 Boyd Parkway',-6.80688,108.555),(94,55,'Zoonder','1129 Spenser Plaza',-6.80082,107.178),(95,46,'Yodel','51732 Moland Plaza',-6.34137,106.55),(96,1,'Rhybox','27727 Hallows Hill',41.9465,-8.53742),(97,1,'Skibox','38423 North Drive',11.5471,4.96561),(98,80,'Avamba','6818 Cascade Circle',59.2964,18.0686),(99,100,'Avamba','79 Heath Junction',-20.3597,-41.9589),(100,36,'Fivebridge','26643 High Crossing Avenue',40.1629,-8.42708);
/*!40000 ALTER TABLE `UserLocation` ENABLE KEYS */;
UNLOCK TABLES;
SET @@SESSION.SQL_LOG_BIN = @MYSQLDUMP_TEMP_LOG_BIN;
/*!40103 SET TIME_ZONE=@OLD_TIME_ZONE */;

/*!40101 SET SQL_MODE=@OLD_SQL_MODE */;
/*!40014 SET FOREIGN_KEY_CHECKS=@OLD_FOREIGN_KEY_CHECKS */;
/*!40014 SET UNIQUE_CHECKS=@OLD_UNIQUE_CHECKS */;
/*!40101 SET CHARACTER_SET_CLIENT=@OLD_CHARACTER_SET_CLIENT */;
/*!40101 SET CHARACTER_SET_RESULTS=@OLD_CHARACTER_SET_RESULTS */;
/*!40101 SET COLLATION_CONNECTION=@OLD_COLLATION_CONNECTION */;
/*!40111 SET SQL_NOTES=@OLD_SQL_NOTES */;

-- Dump completed on 2025-09-08 18:44:27
